sequence	sequence_aa	junction	junction_aa	v_call	d_call	j_call	np1	np2	del_v	del_d_5	del_d_3	del_j	v_sequence_alignment	d_sequence_alignment	j_sequence_alignment	freqs	counts	shm_events	name_repertoire	cell_id	consensus_count	productive	locus	sequence_id	rev_comp	sequence_alignment	germline_alignment	v_cigar	d_cigar	j_cigar
gatgctggaatcacccagagcccaagacacaaggtcacagagacaggaacaccagtgactctgagatgtcaccagactgagaaccaccgctatatgtactggtatcgacaagacccggggcatgggctgaggctgatccattactcatatggtgttaaagatactgacaaaggagaagtctcagatggctatagtgtctctagatcaaagacagaggatttcctcctcactctggagtccgctaccagctcccagacatctgtgtacttctgtgccatcagtgagtcgaggtggggccaacgtcctgactttcggggccggcagcaggctgaccgtgct	DAGITQSPRHKVTETGTPVTLRCHQTENHRYMYWYRQDPGHGLRLIHYSYGVKDTDKGEVSDGYSVSRSKTEDFLLTLESATSSQTSVYFCAISESRWGQRPDFRGRQQADRA	tgtgccatcagtgagtcgaggtggggccaacgtcctgacttt	CAISESRWGQRPDF	TRBV10-3		TRBJ2-6	gag	g	0	0	0	3	tgtgccatcagtgagtc		tgg	0.6079278549934539	250000000000		sim_rep	Cell_1	42	TRUE	TRB
gatactggagtctcccagaaccccagacacaagatcacaaagaggggacagaatgtaactttcaggtgtgatccaatttctgaacacaaccgcctttattggtaccgacagaccctggggcagggcccagagtttctgacttacttccagaatgaagctcaactagaaaaatcaaggctgctcagtgatcggttctctgcagagaggcctaagggatctttctccaccttggagatccagcgcacagagcagggggactcggccatgtatctctgtgccagcagctatgcaacctgcacagatacgcagtattttggcccaggcacccggctgacagtgctc	DTGVSQNPRHKITKRGQNVTFRCDPISEHNRLYWYRQTLGQGPEFLTYFQNEAQLEKSRLLSDRFSAERPKGSFSTLEIQRTEQGDSAMYLCASSYATCTDTQYFGPGTRLTVL	tgtgccagcagctatgcaacctgcacagatacgcagtatttt	CASSYATCTDTQYF	TRBV7-9		TRBJ2-3	tatgcaacct	g	5	0	0	2	tgtgccagcagc		cacagatacgcagtatttt	0.15198196374836348	62500000000		sim_rep	Cell_2	42	TRUE	TRB
aatgctggtgtcactcagaccccaaaattccaggtcctgaagacaggacagagcatgacactgcagtgtgcccaggatatgaaccatgaatacatgtcctggtatcgacaagacccaggcatggggctgaggctgattcattactcagttggtgctggtatcactgaccaaggagaagtccccaatggctacaatgtctccagatcaaccacagaggatttcccgctcaggctgctgtcggctgctccctcccagacatctgtgtacttctgtgccagcagttactcctcgggacagggggcggggggaggagatacgcagtattttggcccaggcacccggctgacagtgctc	NAGVTQTPKFQVLKTGQSMTLQCAQDMNHEYMSWYRQDPGMGLRLIHYSVGAGITDQGEVPNGYNVSRSTTEDFPLRLLSAAPSQTSVYFCASSYSSGQGAGGGDTQYFGPGTRLTVL	tgtgccagcagttactcctcgggacagggggcggggggaggagatacgcagtatttt	CASSYSSGQGAGGGDTQYF	TRBV6-5	TRBD1	TRBJ2-3	ctc	ggggggagg	0	0	0	5	tgtgccagcagttactc	gggacagggggc	agatacgcagtatttt	0.06754753944425748	27777777778		sim_rep	Cell_3	42	TRUE	TRB
gatggtggaatcactcagtccccaaagtacctgttcagaaaggaaggacagaatgtgaccctgagttgtgaacagaatttgaaccacgatgccatgtactggtaccgacaggacccagggcaagggctgagattgatctactactcacagatagtaaatgactttcagaaaggagatatagctgaagggtacagcgtctctcgggagaagaaggaatcctttcctctcactgtgacatcggcccaaaagaacccgacagctttctatctctgtgccagtagtatagaggggaatcagccccagcattttggtgatgggactcgactctccatccta	DGGITQSPKYLFRKEGQNVTLSCEQNLNHDAMYWYRQDPGQGLRLIYYSQIVNDFQKGDIAEGYSVSREKKESFPLTVTSAQKNPTAFYLCASSIEGNQPQHFGDGTRLSIL	tgtgccagtagtatagaggggaatcagccccagcatttt	CASSIEGNQPQHF	TRBV19		TRBJ1-5	gggg		0	0	0	4	tgtgccagtagtataga		aatcagccccagcatttt	0.03799549093709087	15625000000		sim_rep	Cell_4	42	TRUE	TRB
gatgtgaaagtaacccagagctcgagatatctagtcaaaaggacgggagagaaagtttttctggaatgtgtccaggatatggaccatgaaaatatgttctggtatcgacaagacccaggtctggggctacggctgatctatttctcatatgatgttaaaatgaaagaaaaaggagatattcctgaggggtacagtgtctctagagagaagaaggagcgcttctccctgattctggagtccgccagcaccaaccagacatctatgtacctctgtgccagcagtttatgtcgtagggacagggggcaccaagagacccagtacttcgggccaggcacgcggctcctggtgctc	DVKVTQSSRYLVKRTGEKVFLECVQDMDHENMFWYRQDPGLGLRLIYFSYDVKMKEKGDIPEGYSVSREKKERFSLILESASTNQTSMYLCASSLCRRDRGHQETQYFGPGTRLLVL	tgtgccagcagtttatgtcgtagggacagggggcaccaagagacccagtacttc	CASSLCRRDRGHQETQYF	TRBV28	TRBD1	TRBJ2-5	tcgta		0	0	0	0	tgtgccagcagtttatg	gggacagggggc	accaagagacccagtacttc	0.024317114199738157	10000000000		sim_rep	Cell_5	42	TRUE	TRB
gattctggagtcacacaaaccccaaagcacctgatcacagcaactggacagcgagtgacgctgagatgctcccctaggtctggagacctctctgtgtactggtaccaacagagcctggaccagggcctccagttcctcattcagtattataatggagaagagagagcaaaaggaaacattcttgaacgattctccgcacaacagttccctgacttgcactctgaactaaacctgagctctctggagctgggggactcagctttgtatttctgtgccagcagcgtaatggggggctatgagcagttcttcgggccagggacacggctcaccgtgcta	DSGVTQTPKHLITATGQRVTLRCSPRSGDLSVYWYQQSLDQGLQFLIQYYNGEERAKGNILERFSAQQFPDLHSELNLSSLELGDSALYFCASSVMGGYEQFFGPGTRLTVL	tgtgccagcagcgtaatggggggctatgagcagttcttc	CASSVMGGYEQFF	TRBV9	TRBD1	TRBJ2-1	atgg	t	1	7	0	8	tgtgccagcagcgta	ggggc	atgagcagttc	0.016886884859848517	6944444444		sim_rep	Cell_6	42	TRUE	TRB
gacgctggagtcacccaaagtcccacacacctgatcaaaacgagaggacagcaagtgactctgagatgctctcctaagtctgggcatgacactgtgtcctggtaccaacaggccctgggtcaggggccccagtttatctttcagtattatgaggaggaagagagacagagaggcaacttccctgatcgattctcaggtcaccagttccctaactatagctctgagctgaatgtgaacgccttgttgctgggggactcggccctctatctctgtgccagcagcttggacagggggccgacagatacgcagtattttggcccaggcacccggctgacagtgctc	DAGVTQSPTHLIKTRGQQVTLRCSPKSGHDTVSWYQQALGQGPQFIFQYYEEEERQRGNFPDRFSGHQFPNYSSELNVNALLLGDSALYLCASSLDRGPTDTQYFGPGTRLTVL	tgtgccagcagcttggacagggggccgacagatacgcagtatttt	CASSLDRGPTDTQYF	TRBV5-6	TRBD1	TRBJ2-3		gggggccg	0	3	6	3	tgtgccagcagcttgg	aca	acagatacgcagtatttt	0.012406690917439726	5102040816		sim_rep	Cell_7	42	TRUE	TRB
gagactggagtcacccaaagtcccacacacctgatcaaaacgagaggacagcaagtgactctgagatgctcttctcagtctgggcacaacactgtgtcctggtaccaacaggccctgggtcaggggccccagtttatctttcagtattatagggaggaagagaatggcagaggaaacttccctcctagattctcaggtctccagttccctaattatagctctgagctgaatgtgaacgccttggagctggacgactcggccctgtatctctgtgccagcagcaggagaaaaactgttttttggcagtggaacccagctctctgtctt	ETGVTQSPTHLIKTRGQQVTLRCSSQSGHNTVSWYQQALGQGPQFIFQYYREEENGRGNFPPRFSGLQFPNYSSELNVNALELDDSALYLCASSRRKTVFWQWNPALCL	tgtgccagcagcaggagaaaaactgttttttgg	CASSRRKTVFW	TRBV5-4	TRBD1	TRBJ1-4	agg		4	5	6	8	tgtgccagcagc	a	gaaaaactgttttttgg	0.0094988727342727175	3906250000		sim_rep	Cell_8	42	TRUE	TRB
gatgtgaaagtaacccagagctcgagatatctagtcaaaaggacgggagagaaagtttttctggaatgtgtccaggatatggaccatgaaaatatgttctggtatcgacaagacccaggtctggggctacggctgatctatttctcatatgatgttaaaatgaaagaaaaaggagatattcctgaggggtacagtgtctctagagagaagaaggagcgcttctccctgattctggagtccgccagcaccaaccagacatctatgtacctctgtgccagcagtttatgcggggacgagcagtacttcgggccgggcaccaggctcacggtcaca	DVKVTQSSRYLVKRTGEKVFLECVQDMDHENMFWYRQDPGLGLRLIYFSYDVKMKEKGDIPEGYSVSREKKERFSLILESASTNQTSMYLCASSLCGDEQYFGPGTRLTVT	tgtgccagcagtttatgcggggacgagcagtacttc	CASSLCGDEQYF	TRBV28	TRBD2	TRBJ2-7	cg		0	13	0	5	tgtgccagcagtttatg	ggg	acgagcagtacttc	0.007505282160202864	3086419753		sim_rep	Cell_9	42	TRUE	TRB
ggtgctggagtctcccagtccccaaggtacaaagtcgcaaagaggggacgggatgtagctctcaggtgtgattcaatttcgggtcatgtaaccctttattggtaccgacagaccctggggcagggctcagaggttctgacttactcccagagtgatgctcaacgagacaaatcagggcggcccagtggtcggttctctgcagagaggcctgagagatccgtctccactctgaagatccagcgcacagagcagggggactcagctgtgtatctctgtgccagcagcttagaagggggcactagcgggaaaccccactcctacgagcagtacttcgggccgggcaccaggctcacggtcaca	GAGVSQSPRYKVAKRGRDVALRCDSISGHVTLYWYRQTLGQGSEVLTYSQSDAQRDKSGRPSGRFSAERPERSVSTLKIQRTEQGDSAVYLCASSLEGGTSGKPHSYEQYFGPGTRLTVT	tgtgccagcagcttagaagggggcactagcgggaaaccccactcctacgagcagtacttc	CASSLEGGTSGKPHSYEQYF	TRBV7-4	TRBD2	TRBJ2-7	aagggggc	aaacccca	1	3	4	0	tgtgccagcagcttag	actagcggg	ctcctacgagcagtacttc	0.006079278549934539	2500000000		sim_rep	Cell_10	42	TRUE	TRB
gaaacgggagttacgcagacaccaagacacctggtcatgggaatgacaaataagaagtctttgaaatgtgaacaacatctggggcataacgctatgtattggtacaagcaaagtgctaagaagccactggagctcatgtttgtctacaactttaaagaacagactgaaaacaacagtgtgccaagtcgcttctcacctgaatgccccaacagctctcacttattccttcacctacacaccctgcagccagaagactcggccctgtatctctgtgccagcagccaagaggggcatacgcagtattttggcccaggcacccggctgacagtgctc	ETGVTQTPRHLVMGMTNKKSLKCEQHLGHNAMYWYKQSAKKPLELMFVYNFKEQTENNSVPSRFSPECPNSSHLFLHLHTLQPEDSALYLCASSQEGHTQYFGPGTRLTVL	tgtgccagcagccaagaggggcatacgcagtatttt	CASSQEGHTQYF	TRBV4-2	TRBD1	TRBJ2-3	g		0	8	0	7	tgtgccagcagccaaga	gggc	atacgcagtatttt	0.005024197147540617	2066115702		sim_rep	Cell_11	42	TRUE	TRB
gatactggagtctcccagaaccccagacacaagatcacaaagaggggacagaatgtaactttcaggtgtgatccaatttctgaacacaaccgcctttattggtaccgacagaccctggggcagggcccagagtttctgacttacttccagaatgaagctcaactagaaaaatcaaggctgctcagtgatcggttctctgcagagaggcctaagggatctttctccaccttggagatccagcgcacagagcagggggactcggccatgtatctctgtgccagcagcttagcctccggggggctgaacactgaagctttctttggacaaggcaccagactcacagttgta	DTGVSQNPRHKITKRGQNVTFRCDPISEHNRLYWYRQTLGQGPEFLTYFQNEAQLEKSRLLSDRFSAERPKGSFSTLEIQRTEQGDSAMYLCASSLASGGLNTEAFFGQGTRLTVV	tgtgccagcagcttagcctccggggggctgaacactgaagctttcttt	CASSLASGGLNTEAFF	TRBV7-9	TRBD2	TRBJ1-1	ctcc	c	0	9	1	0	tgtgccagcagcttagc	gggggg	tgaacactgaagctttcttt	0.004221721214962129	1736111111		sim_rep	Cell_12	42	TRUE	TRB
attgctgggatcacccaggcaccaacatctcagatcctggcagcaggacggcgcatgacactgagatgtacccaggatatgagacataatgccatgtactggtatagacaagatctaggactggggctaaggctcatccattattcaaatactgcaggtaccactggcaaaggagaagtccctgatggttatagtgtctccagagcaaacacagatgatttccccctcacgttggcgtctgctgtaccctctcagacatctgtgtacttctgtgccagcagtgactcgggggggaccttcaatcagccccagcattttggtgatgggactcgactctccatccta	IAGITQAPTSQILAAGRRMTLRCTQDMRHNAMYWYRQDLGLGLRLIHYSNTAGTTGKGEVPDGYSVSRANTDDFPLTLASAVPSQTSVYFCASSDSGGTFNQPQHFGDGTRLSIL	tgtgccagcagtgactcgggggggaccttc	CASSDSGGTF	TRBV6-4	TRBD2	TRBJ1-5	g	gacctt	0	9	2	3	tgtgccagcagtgactc	ggggg	caatcagccccagcatttt	0.0035972062429820923	1479289941		sim_rep	Cell_13	42	TRUE	TRB
gaagctggagttactcagttccccagccacagcgtaatagagaagggccagactgtgactctgagatgtgacccaatttctggacatgataatctttattggtatcgacgtgttatgggaaaagaaataaaatttctgttacattttgtgaaagagtctaaacaggatgagtccggtatgcccaacaatcgattcttagctgaaaggactggagggacgtattctactctgaaggtgcagcctgcagaactggaggattctggagtttatttctgtgccagcagccacactcctgagcagtacttcgggccgggcaccaggctcacggtcaca	EAGVTQFPSHSVIEKGQTVTLRCDPISGHDNLYWYRRVMGKEIKFLLHFVKESKQDESGMPNNRFLAERTGGTYSTLKVQPAELEDSGVYFCASSHTPEQYFGPGTRLTVT	tgtgccagcagccacactcctgagcagtacttc	CASSHTPEQYF	TRBV14	TRBD1	TRBJ2-7	c	tcct	3	3	7	7	tgtgccagcagcca	ac	gagcagtacttc	0.0031016727293599316	1275510204		sim_rep	Cell_14	42	TRUE	TRB
gctgctggagtcatccagtccccaagacatctgatcaaagaaaagagggaaacagccactctgaaatgctatcctatccctagacacgacactgtctactggtaccagcagggtccaggtcaggacccccagttcctcatttcgttttatgaaaagatgcagagcgataaaggaagcatccctgatcgattctcagctcaacagttcagtgactatcattctgaactgaacatgagctccttggagctgggggactcagccctgtacttctgtgccagcagcttcggatggccgggggacagtacttcgggccaggcacgcggctcctggtgctcg	AAGVIQSPRHLIKEKRETATLKCYPIPRHDTVYWYQQGPGQDPQFLISFYEKMQSDKGSIPDRFSAQQFSDYHSELNMSSLELGDSALYFCASSFGWPGDSTSGQARGSWCS	tgtgccagcagcttcggatgg	CASSFGW	TRBV13	TRBD2	TRBJ2-5	cggatggc	ga	3	8	3	11	tgtgccagcagctt	cgggg	cagtacttcgggccaggcacgcggctcctgg	0.002701901577478494	1111111111		sim_rep	Cell_15	42	TRUE	TRB
aatgctggtgtcactcagaccccaaaattccaggtcctgaagacaggacagagcatgacactgcagtgtgcccaggatatgaaccatgaatacatgtcctggtatcgacaagacccaggcatggggctgaggctgattcattactcagttggtgctggtatcactgaccaaggagaagtccccaatggctacaatgtctccagatcaaccacagaggatttcccgctcaggctgctgtcggctgctccctcccagacatctgtgtacttctgtgccagcagttactctgggggagggacagggggcaacactgaagctttctttggacaaggcaccagactcacagttgta	NAGVTQTPKFQVLKTGQSMTLQCAQDMNHEYMSWYRQDPGMGLRLIHYSVGAGITDQGEVPNGYNVSRSTTEDFPLRLLSAAPSQTSVYFCASSYSGGGTGGNTEAFFGQGTRLTVV	tgtgccagcagttactctgggggagggacagggggcaacactgaagctttcttt	CASSYSGGGTGGNTEAFF	TRBV6-5	TRBD1	TRBJ1-1	tggggga		0	0	0	2	tgtgccagcagttactc	gggacagggggc	aacactgaagctttc	0.0023747181835681794	976562500		sim_rep	Cell_16	42	TRUE	TRB
gatggtggaatcactcagtccccaaagtacctgttcagaaaggaaggacagaatgtgaccctgagttgtgaacagaatttgaaccacgatgccatgtactggtaccgacaggacccagggcaagggctgagattgatctactactcacagatagtaaatgactttcagaaaggagatatagctgaagggtacagcgtctctcgggagaagaaggaatcctttcctctcactgtgacatcggcccaaaagaacccgacagctttctatctctgtgccagtagtataggggagggggcctttctttggacaaggcaccagactcacagttgt	DGGITQSPKYLFRKEGQNVTLSCEQNLNHDAMYWYRQDPGQGLRLIYYSQIVNDFQKGDIAEGYSVSREKKESFPLTVTSAQKNPTAFYLCASSIGEGAFLWTRHQTHSC	tgtgccagtagtataggggagggggccttt	CASSIGEGAF	TRBV19	TRBD1	TRBJ1-1	gggg		2	5	0	12	tgtgccagtagtata	agggggc	ctttctttgg	0.0021035565913951814	865051903		sim_rep	Cell_17	42	TRUE	TRB
aatgctggtgtcactcagaccccaaaattccaggtcctgaagacaggacagagcatgacactgcagtgtgcccaggatatgaaccatgaatacatgtcctggtatcgacaagacccaggcatggggctgaggctgattcattactcagttggtgctggtatcactgaccaaggagaagtccccaatggctacaatgtctccagatcaaccacagaggatttcccgctcaggctgctgtcggctgctccctcccagacatctgtgtacttctgtgccagcagttactccggatatggctacaccttcggttcggggaccaggttaaccgttgta	NAGVTQTPKFQVLKTGQSMTLQCAQDMNHEYMSWYRQDPGMGLRLIHYSVGAGITDQGEVPNGYNVSRSTTEDFPLRLLSAAPSQTSVYFCASSYSGYGYTFGSGTRLTVV	tgtgccagcagttactccggatatggctacaccttc	CASSYSGYGYTF	TRBV6-5		TRBJ1-2	cgg	a	0	0	0	5	tgtgccagcagttactc		tatggctacaccttc	0.001876320539442788	771604938		sim_rep	Cell_18	42	TRUE	TRB
aatgctggtgtcactcagaccccaaaattccaggtcctgaagacaggacagagcatgacactgcagtgtgcccaggatatgaaccataactccatgtactggtatcgacaagacccaggcatgggactgaggctgatttattactcagcttctgagggtaccactgacaaaggagaagtccccaatggctacaatgtctccagattaaacaaacgggagttctcgctcaggctggagtcggctgctccctcccagacatctgtgtacttctgtgccagcagtgaagcgggactagcgggggggaccggggagctgttttttggagaaggctctaggctgaccgtactg	NAGVTQTPKFQVLKTGQSMTLQCAQDMNHNSMYWYRQDPGMGLRLIYYSASEGTTDKGEVPNGYNVSRLNKREFSLRLESAAPSQTSVYFCASSEAGLAGGTGELFFGEGSRLTVL	tgtgccagcagtgaagcgggactagcgggggggaccggggagctgtttttt	CASSEAGLAGGTGELFF	TRBV6-1	TRBD2	TRBJ2-2			0	0	0	5	tgtgccagcagtgaagc	gggactagcggggggg	accggggagctgttt	0.0016840106795683288	692520776		sim_rep	Cell_19	42	TRUE	TRB
gatgctggaatcacccagagcccaagacacaaggtcacagagacaggaacaccagtgactctgagatgtcaccagactgagaaccaccgctatatgtactggtatcgacaagacccggggcatgggctgaggctgatccattactcatatggtgttaaagatactgacaaaggagaagtctcagatggctatagtgtctctagatcaaagacagaggatttcctcctcactctggagtccgctaccagctcccagacatctgtgtacttctgtgccatcagtgagtcgcgctttagggatcccaacgtcctgactttcggggccggcagcaggctgaccgtgctg	DAGITQSPRHKVTETGTPVTLRCHQTENHRYMYWYRQDPGHGLRLIHYSYGVKDTDKGEVSDGYSVSRSKTEDFLLTLESATSSQTSVYFCAISESRFRDPNVLTFGAGSRLTVL	tgtgccatcagtgagtcgcgcttt	CAISESRF	TRBV10-3	TRBD1	TRBJ2-6	gcgcttta	tc	0	0	8	8	tgtgccatcagtgagtc	ggga	ccaacgtcctgactttc	0.0015198196374836348	625000000		sim_rep	Cell_20	42	TRUE	TRB
gatgctggaatcacccagagcccaagacacaaggtcacagagacaggaacaccagtgactctgagatgtcaccagactgagaaccaccgctatatgtactggtatcgacaagacccggggcatgggctgaggctgatccattactcatatggtgttaaagatactgacaaaggagaagtctcagatggctatagtgtctctagatcaaagacagaggatttcctcctcactctggagtccgctaccagctcccagacatctgtgtacttctgtgccatcagtgatggttggagcacagatacgcagtattttggcccaggcacccggctgacagtgctc	DAGITQSPRHKVTETGTPVTLRCHQTENHRYMYWYRQDPGHGLRLIHYSYGVKDTDKGEVSDGYSVSRSKTEDFLLTLESATSSQTSVYFCAISDGWSTDTQYFGPGTRLTVL	tgtgccatcagtgatggttgg	CAISDGW	TRBV10-3		TRBJ2-3	tggtt	gg	3	0	0	0	tgtgccatcagtga		agcacagatacgcagtatttt	0.0013785212130488585	566893424		sim_rep	Cell_21	42	TRUE	TRB
gaagcccaagtgacccagaacccaagatacctcatcacagtgactggaaagaagttaacagtgacttgttctcagaatatgaaccatgagtatatgtcctggtatcgacaagacccagggctgggcttaaggcagatctactattcaatgaatgttgaggtgactgataagggagatgttcctgaagggtacaaagtctctcgaaaagagaagaggaatttccccctgatcctggagtcgcccagccccaaccagacctctctgtacttctgtgccagcagtttatccgggggggttgtcggggagctgttttttggagaaggctctaggctgaccgtactg	EAQVTQNPRYLITVTGKKLTVTCSQNMNHEYMSWYRQDPGLGLRQIYYSMNVEVTDKGDVPEGYKVSRKEKRNFPLILESPSPNQTSLYFCASSLSGGVVGELFFGEGSRLTVL	tgtgccagcagtttatccgggggggttgtcggggagctgtttttt	CASSLSGGVVGELFF	TRBV27	TRBD2	TRBJ2-2		ttgt	0	8	0	7	tgtgccagcagtttatc	cggggggg	cggggagctgtttttt	0.00125604928810101	516528926		sim_rep	Cell_22	42	TRUE	TRB
ggtgctggagtctcccagtcccctaggtacaaagtcgcaaagagaggacaggatgtagctctcaggtgtgatccaatttcgggtcatgtatcccttttttggtaccaacaggccctggggcaggggccagagtttctgacttatttccagaatgaagctcaactagacaaatcggggctgcccagtgatcgcttctttgcagaaaggcctgagggatccgtctccactctgaagatccagcgcacacagcaggaggactccgccgtgtatctctgtgccagcagcttagctgtgaggagcacagatacgcagtattttggcccaggcacccggctgacagtgctc	GAGVSQSPRYKVAKRGQDVALRCDPISGHVSLFWYQQALGQGPEFLTYFQNEAQLDKSGLPSDRFFAERPEGSVSTLKIQRTQQEDSAVYLCASSLAVRSTDTQYFGPGTRLTVL	tgtgccagcagcttagctgtgaggagcacagatacgcagtatttt	CASSLAVRSTDTQYF	TRBV7-8		TRBJ2-3	t	gtgagg	0	0	0	0	tgtgccagcagcttagc		agcacagatacgcagtatttt	0.0011492019941694502	472589792		sim_rep	Cell_23	42	TRUE	TRB
aatgctggtgtcactcagaccccaaaattccaggtcctgaagacaggacagagcatgacactgcagtgtgcccaggatatgaaccataactccatgtactggtatcgacaagacccaggcatgggactgaggctgatttattactcagcttctgagggtaccactgacaaaggagaagtccccaatggctacaatgtctccagattaaacaaacgggagttctcgctcaggctggagtcggctgctccctcccagacatctgtgtacttctgtgccagcagtgaagggggggggtacaatgagcagttcttcgggccagggacacggctcaccgtgcta	NAGVTQTPKFQVLKTGQSMTLQCAQDMNHNSMYWYRQDPGMGLRLIYYSASEGTTDKGEVPNGYNVSRLNKREFSLRLESAAPSQTSVYFCASSEGGGYNEQFFGPGTRLTVL	tgtgccagcagtgaagggggggggtacaatgagcagttcttc	CASSEGGGYNEQFF	TRBV6-1	TRBD2	TRBJ2-1	g	gggg	2	10	2	4	tgtgccagcagtgaa	gggg	tacaatgagcagttc	0.00105543030434846	434027778		sim_rep	Cell_24	42	TRUE	TRB
gatgtgaaagtaacccagagctcgagatatctagtcaaaaggacgggagagaaagtttttctggaatgtgtccaggatatggaccatgaaaatatgttctggtatcgacaagacccaggtctggggctacggctgatctatttctcatatgatgttaaaatgaaagaaaaaggagatattcctgaggggtacagtgtctctagagagaagaaggagcgcttctccctgattctggagtccgccagcaccaaccagacatctatgtacctctgtgccactcggcttgctaactatggctacaccttcggttcggggaccaggttaaccgttgta	DVKVTQSSRYLVKRTGEKVFLECVQDMDHENMFWYRQDPGLGLRLIYFSYDVKMKEKGDIPEGYSVSREKKERFSLILESASTNQTSMYLCATRLANYGYTFGSGTRLTVV	tgtgccactcggcttgctaactatggctacaccttc	CATRLANYGYTF	TRBV28	TRBD2	TRBJ1-2	ctc	cttg	10	12	2	0	tgtgcca	gg	ctaactatggctacaccttc	9.726845679895263e-4	400000000		sim_rep	Cell_25	42	TRUE	TRB
gaagctggagttactcagttccccagccacagcgtaatagagaagggccagactgtgactctgagatgtgacccaatttctggacatgataatctttattggtatcgacgtgttatgggaaaagaaataaaatttctgttacattttgtgaaagagtctaaacaggatgagtccggtatgcccaacaatcgattcttagctgaaaggactggagggacgtattctactctgaaggtgcagcctgcagaactggaggattctggagtttatttctgtgccagcagccaagagggcgagcagtacttcgggccgggcaccaggctcacggtcaca	EAGVTQFPSHSVIEKGQTVTLRCDPISGHDNLYWYRRVMGKEIKFLLHFVKESKQDESGMPNNRFLAERTGGTYSTLKVQPAELEDSGVYFCASSQEGEQYFGPGTRLTVT	tgtgccagcagccaagagggcgagcagtacttc	CASSQEGEQYF	TRBV14	TRBD1	TRBJ2-7		g	0	8	0	8	tgtgccagcagccaaga	gggc	agcagtacttc	8.993015601375952e-4	369822485		sim_rep	Cell_26	42	TRUE	TRB
gatactggagtctcccagaaccccagacacaagatcacaaagaggggacagaatgtaactttcaggtgtgatccaatttctgaacacaaccgcctttattggtaccgacagaccctggggcagggcccagagtttctgacttacttccagaatgaagctcaactagaaaaatcaaggctgctcagtgatcggttctctgcagagaggcctaagggatctttctccaccttggagatccagcgcacagagcagggggactcggccatgtatctctgtgccagcagcttagctcctcagggggtgaacactgaagctttctttggacaaggcaccagactcacagttgta	DTGVSQNPRHKITKRGQNVTFRCDPISEHNRLYWYRQTLGQGPEFLTYFQNEAQLEKSRLLSDRFSAERPKGSFSTLEIQRTEQGDSAMYLCASSLAPQGVNTEAFFGQGTRLTVV	tgtgccagcagcttagctcctcagggggtgaacactgaagctttcttt	CASSLAPQGVNTEAFF	TRBV7-9		TRBJ1-1	tcctc	aggggg	0	0	0	0	tgtgccagcagcttagc		tgaacactgaagctttc	8.339202397523503e-4	342935528		sim_rep	Cell_27	42	TRUE	TRB
gatactggagtctcccagaaccccagacacaagatcacaaagaggggacagaatgtaactttcaggtgtgatccaatttctgaacacaaccgcctttattggtaccgacagaccctggggcagggcccagagtttctgacttacttccagaatgaagctcaactagaaaaatcaaggctgctcagtgatcggttctctgcagagaggcctaagggatctttctccaccttggagatccagcgcacagagcagggggactcggccatgtatctctgtgccagcagcttagcgcgggggagggagacccagtacttcgggccaggcacgcggctcctggtgctc	DTGVSQNPRHKITKRGQNVTFRCDPISEHNRLYWYRQTLGQGPEFLTYFQNEAQLEKSRLLSDRFSAERPKGSFSTLEIQRTEQGDSAMYLCASSLARGRETQYFGPGTRLLVL	tgtgccagcagcttagcgcgggggagggagacccagtacttc	CASSLARGRETQYF	TRBV7-9	TRBD2	TRBJ2-5	g	agg	0	8	2	5	tgtgccagcagcttagc	cggggg	gagacccagtacttc	7.754181823399829e-4	318877551		sim_rep	Cell_28	42	TRUE	TRB
gatggtggaatcactcagtccccaaagtacctgttcagaaaggaaggacagaatgtgaccctgagttgtgaacagaatttgaaccacgatgccatgtactggtaccgacaggacccagggcaagggctgagattgatctactactcacagatagtaaatgactttcagaaaggagatatagctgaagggtacagcgtctctcgggagaagaaggaatcctttcctctcactgtgacatcggcccaaaagaacccgacagctttctatctctgtgccagtagtatagatcagcggggccaagatacgcagtattttggcccaggcacccggctgacagtgctc	DGGITQSPKYLFRKEGQNVTLSCEQNLNHDAMYWYRQDPGQGLRLIYYSQIVNDFQKGDIAEGYSVSREKKESFPLTVTSAQKNPTAFYLCASSIDQRGQDTQYFGPGTRLTVL	tgtgccagtagtatagatcagcggggccaagatacgcagtatttt	CASSIDQRGQDTQYF	TRBV19	TRBD2	TRBJ2-3	tc	cca	0	6	3	5	tgtgccagtagtataga	agcgggg	agatacgcagtatttt	7.22863086764055e-4	297265161		sim_rep	Cell_29	42	TRUE	TRB
gatactggagtctcccagaaccccagacacaagatcacaaagaggggacagaatgtaactttcaggtgtgatccaatttctgaacacaaccgcctttattggtaccgacagaccctggggcagggcccagagtttctgacttacttccagaatgaagctcaactagaaaaatcaaggctgctcagtgatcggttctctgcagagaggcctaagggatctttctccaccttggagatccagcgcacagagcagggggactcggccatgtatctctgtgccagcagcttagccgggggaaagtcctacaatgagcagttcttcgggccagggacacggctcaccgtgcta	DTGVSQNPRHKITKRGQNVTFRCDPISEHNRLYWYRQTLGQGPEFLTYFQNEAQLEKSRLLSDRFSAERPKGSFSTLEIQRTEQGDSAMYLCASSLAGGKSYNEQFFGPGTRLTVL	tgtgccagcagcttagccgggggaaagtcctacaatgagcagttcttc	CASSLAGGKSYNEQFF	TRBV7-9		TRBJ2-1	cgggg	gaaag	0	0	0	1	tgtgccagcagcttagc		tcctacaatgagcagttcttc	6.754753949775514e-4	277777778		sim_rep	Cell_30	42	TRUE	TRB
gatgtgaaagtaacccagagctcgagatatctagtcaaaaggacgggagagaaagtttttctggaatgtgtccaggatatggaccatgaaaatatgttctggtatcgacaagacccaggtctggggctacggctgatctatttctcatatgatgttaaaatgaaagaaaaaggagatattcctgaggggtacagtgtctctagagagaagaaggagcgcttctccctgattctggagtccgccagcaccaaccagacatctatgtacctctgtgccagcagtttatggcccagagggactgaagctttctttggacaaggcaccagactcacagttgta	DVKVTQSSRYLVKRTGEKVFLECVQDMDHENMFWYRQDPGLGLRLIYFSYDVKMKEKGDIPEGYSVSREKKERFSLILESASTNQTSMYLCASSLWPRGTEAFFGQGTRLTVV	tgtgccagcagtttatggcccagagggactgaagctttcttt	CASSLWPRGTEAFF	TRBV28	TRBD1	TRBJ1-1	gcc	aggg	0	4	5	5	tgtgccagcagtttatg	cag	actgaagctttc	6.325992257762768e-4	260145682		sim_rep	Cell_31	42	TRUE	TRB
gctgctggagtcatccagtccccaagacatctgatcaaagaaaagagggaaacagccactctgaaatgctatcctatccctagacacgacactgtctactggtaccagcagggtccaggtcaggacccccagttcctcatttcgttttatgaaaagatgcagagcgataaaggaagcatccctgatcgattctcagctcaacagttcagtgactatcattctgaactgaacatgagctccttggagctgggggactcagccctgtacttctgtgccagcagcttaggcggggcttacaatgagcagttcttcgggccagggacacggctcaccgtgcta	AAGVIQSPRHLIKEKRETATLKCYPIPRHDTVYWYQQGPGQDPQFLISFYEKMQSDKGSIPDRFSAQQFSDYHSELNMSSLELGDSALYFCASSLGGAYNEQFFGPGTRLTVL	tgtgccagcagcttaggcggggcttacaatgagcagttcttc	CASSLGGAYNEQFF	TRBV13	TRBD2	TRBJ2-1		ct	0	8	3	4	tgtgccagcagcttagg	cgggg	tacaatgagcagttcttc	5.936795458920448e-4	244140625		sim_rep	Cell_32	42	TRUE	TRB
aaggctggagtcactcaaactccaagatatctgatcaaaacgagaggacagcaagtgacactgagctgctcccctatctctgggcataggagtgtatcctggtaccaacagaccccaggacagggccttcagttcctctttgaatacttcagtgagacacagagaaacaaaggaaacttccctggtcgattctcagggcgccagttctctaactctcgctctgagatgaatgtgagcaccttggagctgggggactcggccctttatctttgcgccagcagcttggtggggggggacggggacgagcagtacttcgggccgggcaccaggctcacggtcaca	KAGVTQTPRYLIKTRGQQVTLSCSPISGHRSVSWYQQTPGQGLQFLFEYFSETQRNKGNFPGRFSGRQFSNSRSEMNVSTLELGDSALYLCASSLVGGDGDEQYFGPGTRLTVT	tgcgccagcagcttggtggggggggacggggacgagcagtacttc	CASSLVGGDGDEQYF	TRBV5-1	TRBD1	TRBJ2-7	tggggggg	acgggg	0	0	11	5	tgcgccagcagcttgg	g	acgagcagtacttc	5.582441266939426e-4	229568411		sim_rep	Cell_33	42	TRUE	TRB
gatgccatggtcatccagaacccaagataccaggttacccagtttggaaagccagtgaccctgagttgttctcagactttgaaccataacgtcatgtactggtaccagcagaagtcaagtcaggccccaaagctgctgttccactactatgacaaagattttaacaatgaagcagacacccctgataacttccaatccaggaggccgaacacttctttctgctttcttgacatccgctcaccaggcctgggggacacagccatgtacctgtgtgccaccagcagagatcccttagaggggggggagctgttttttggagaaggctctaggctgaccgtactg	DAMVIQNPRYQVTQFGKPVTLSCSQTLNHNVMYWYQQKSSQAPKLLFHYYDKDFNNEADTPDNFQSRRPNTSFCFLDIRSPGLGDTAMYLCATSRDPLEGGELFFGEGSRLTVL	tgtgccaccagcagagatcccttagaggggggggagctgtttttt	CATSRDPLEGGELFF	TRBV15		TRBJ2-2	tccctt	agagggg	0	0	0	8	tgtgccaccagcagaga		ggggagctgttt	5.258891484567232e-4	216262976		sim_rep	Cell_34	42	TRUE	TRB
agtgctgtcatctctcaaaagccaagcagggatatctgtcaacgtggaacctccctgacgatccagtgtcaagtcgatagccaagtcaccatgatgttctggtaccgtcagcaacctggacagagcctgacactgatcgcaactgcaaatcagggctctgaggccacatatgagagtggatttgtcattgacaagtttcccatcagccgcccaaacctaacattctcaactctgactgtgagcaacatgagccctgaagacagcagcatatatctctgcagcgttgaaaggggactagccgaagctttctttggacaaggcaccagactcacagttgta	SAVISQKPSRDICQRGTSLTIQCQVDSQVTMMFWYRQQPGQSLTLIATANQGSEATYESGFVIDKFPISRPNLTFSTLTVSNMSPEDSSIYLCSVERGLAEAFFGQGTRLTVV	tgcagcgttgaaaggggactagccgaagctttcttt	CSVERGLAEAFF	TRBV29-1	TRBD2	TRBJ1-1	ag	c	2	0	7	8	tgcagcgttgaa	gggactagc	gaagctttc	4.962676375730051e-4	204081633		sim_rep	Cell_35	42	TRUE	TRB
aatgccggcgtcatgcagaacccaagacacctggtcaggaggaggggacaggaggcaagactgagatgcagcccaatgaaaggacacagtcatgtttactggtatcggcagctcccagaggaaggtctgaaattcatggtttatctccagaaagaaaatatcatagatgagtcaggaatgccaaaggaacgattttctgctgaatttcccaaagagggccccagcatcctgaggatccagcaggtagtgcgaggagattcggcagcttatttctgtgccagctcaccaccgggacagggggcctcctacgagcagtacttcgggccgggcaccaggctcacggtcaca	NAGVMQNPRHLVRRRGQEARLRCSPMKGHSHVYWYRQLPEEGLKFMVYLQKENIIDESGMPKERFSAEFPKEGPSILRIQQVVRGDSAAYFCASSPPGQGASYEQYFGPGTRLTVT	tgtgccagctcaccaccgggacagggggcctcctacgagcagtacttc	CASSPPGQGASYEQYF	TRBV18	TRBD1	TRBJ2-7			0	0	0	0	tgtgccagctcaccacc	gggacagggggc	ctcctacgagcagtacttc	4.690801360765527e-4	192901235		sim_rep	Cell_36	42	TRUE	TRB
ggagctggagtctcccagtcccccagtaacaaggtcacagagaagggaaaggatgtagagctcaggtgtgatccaatttcaggtcatactgccctttactggtaccgacagagcctggggcagggcctggagtttttaatttacttccaaggcaacagtgcaccagacaaatcagggctgcccagtgatcgcttctctgcagagaggactgggggatccgtctccactctgacgatccagcgcacacagcaggaggactcggccgtgtatctctgtgccagcagcttagcggagacagggggcaatgagcagttcttcgggccagggacacggctcaccgtgcta	GAGVSQSPSNKVTEKGKDVELRCDPISGHTALYWYRQSLGQGLEFLIYFQGNSAPDKSGLPSDRFSAERTGGSVSTLTIQRTQQEDSAVYLCASSLAETGGNEQFFGPGTRLTVL	tgtgccagcagcttagcggagacagggggcaatgagcagttcttc	CASSLAETGGNEQFF	TRBV7-2	TRBD1	TRBJ2-1	gga	a	0	2	0	8	tgtgccagcagcttagc	gacagggggc	atgagcagttc	4.4406709524895513e-4	182615047		sim_rep	Cell_37	42	TRUE	TRB
catgccaaagtcacacagactccaggacatttggtcaaaggaaaaggacagaaaacaaagatggattgtacccccgaaaaaggacatacttttgtttattggtatcaacagaatcagaataaagagtttatgcttttgatttcctttcagaatgaacaagttcttcaagaaacggagatgcacaagaagcgattctcatctcaatgccccaagaacgcaccctgcagcctggcaatcctgtcctcagaaccgggagacacggcactgtatctctgcgccagcagtcgtagcggggggggggaccaagagacccagtacttcgggccaggcacgcggctcctggtgctc	HAKVTQTPGHLVKGKGQKTKMDCTPEKGHTFVYWYQQNQNKEFMLLISFQNEQVLQETEMHKKRFSSQCPKNAPCSLAILSSEPGDTALYLCASSRSGGGDQETQYFGPGTRLLVL	tgcgccagcagtcgtagcggggggggggaccaagagacccagtacttc	CASSRSGGGDQETQYF	TRBV23-1	TRBD2	TRBJ2-5	g	ggg	4	5	0	0	tgcgccagcagtc	tagcggggggg	accaagagacccagtacttc	4.210026698920822e-4	173130194		sim_rep	Cell_38	42	TRUE	TRB
gaagcccaagtgacccagaacccaagatacctcatcacagtgactggaaagaagttaacagtgacttgttctcagaatatgaaccatgagtatatgtcctggtatcgacaagacccagggctgggcttaaggcagatctactattcaatgaatgttgaggtgactgataagggagatgttcctgaagggtacaaagtctctcgaaaagagaagaggaatttccccctgatcctggagtcgcccagccccaaccagacctctctgtacttctgtgccagcagtttatcttacctggacgaaggggagcagttcttcgggccagggacacggctcaccgtgcta	EAQVTQNPRYLITVTGKKLTVTCSQNMNHEYMSWYRQDPGLGLRQIYYSMNVEVTDKGDVPEGYKVSRKEKRNFPLILESPSPNQTSLYFCASSLSYLDEGEQFFGPGTRLTVL	tgtgccagcagtttatcttacctggacgaaggggagcagttcttc	CASSLSYLDEGEQFF	TRBV27	TRBD1	TRBJ2-1	ttacct	gaaggg	0	1	7	10	tgtgccagcagtttatc	ggac	gagcagttc	3.996895825535658e-4	164365549		sim_rep	Cell_39	42	TRUE	TRB
aatgccggcgtcatgcagaacccaagacacctggtcaggaggaggggacaggaggcaagactgagatgcagcccaatgaaaggacacagtcatgtttactggtatcggcagctcccagaggaaggtctgaaattcatggtttatctccagaaagaaaatatcatagatgagtcaggaatgccaaaggaacgattttctgctgaatttcccaaagagggccccagcatcctgaggatccagcaggtagtgcgaggagattcggcagcttatttctgtgccagctcaccaatcgggaccgggacagggggccagccccagcattttggtgatgggactcgactctccatccta	NAGVMQNPRHLVRRRGQEARLRCSPMKGHSHVYWYRQLPEEGLKFMVYLQKENIIDESGMPKERFSAEFPKEGPSILRIQQVVRGDSAAYFCASSPIGTGTGGQPQHFGDGTRLSIL	tgtgccagctcaccaatcgggaccgggacagggggccagccccagcatttt	CASSPIGTGTGGQPQHF	TRBV18	TRBD1	TRBJ1-5	atcgggacc		2	0	0	7	tgtgccagctcacca	gggacagggggc	cagccccagcatttt	3.799549093709087e-4	156250000		sim_rep	Cell_40	42	TRUE	TRB
gaagcccaagtgacccagaacccaagatacctcatcacagtgactggaaagaagttaacagtgacttgttctcagaatatgaaccatgagtatatgtcctggtatcgacaagacccagggctgggcttaaggcagatctactattcaatgaatgttgaggtgactgataagggagatgttcctgaagggtacaaagtctctcgaaaagagaagaggaatttccccctgatcctggagtcgcccagccccaaccagacctctctgtacttctgtgccagcagtttatctgggagcggggagggcacagatacgcagtattttggcccaggcacccggctgacagtgctc	EAQVTQNPRYLITVTGKKLTVTCSQNMNHEYMSWYRQDPGLGLRQIYYSMNVEVTDKGDVPEGYKVSRKEKRNFPLILESPSPNQTSLYFCASSLSGSGEGTDTQYFGPGTRLTVL	tgtgccagcagtttatctgggagcggggagggcacagatacgcagtatttt	CASSLSGSGEGTDTQYF	TRBV27	TRBD2	TRBJ2-3	tggg	gagg	0	6	4	1	tgtgccagcagtttatc	agcggg	gcacagatacgcagtatttt	3.6164655165821447e-4	148720999		sim_rep	Cell_41	42	TRUE	TRB
gatggtggaatcactcagtccccaaagtacctgttcagaaaggaaggacagaatgtgaccctgagttgtgaacagaatttgaaccacgatgccatgtactggtaccgacaggacccagggcaagggctgagattgatctactactcacagatagtaaatgactttcagaaaggagatatagctgaagggtacagcgtctctcgggagaagaaggaatcctttcctctcactgtgacatcggcccaaaagaacccgacagctttctatctctgtgccagtagtatgaaggagggagagacccagtacttcgggccaggcacgcggctcctggtgctc	DGGITQSPKYLFRKEGQNVTLSCEQNLNHDAMYWYRQDPGQGLRLIYYSQIVNDFQKGDIAEGYSVSREKKESFPLTVTSAQKNPTAFYLCASSMKEGETQYFGPGTRLLVL	tgtgccagtagtatgaaggagggagagacccagtacttc	CASSMKEGETQYF	TRBV19		TRBJ2-5	gaagga	ggg	3	0	0	4	tgtgccagtagtat		agagacccagtacttc	3.446303032622146e-4	141723356		sim_rep	Cell_42	42	TRUE	TRB
aaggctggagtcactcaaactccaagatatctgatcaaaacgagaggacagcaagtgacactgagctgctcccctatctctgggcataggagtgtatcctggtaccaacagaccccaggacagggccttcagttcctctttgaatacttcagtgagacacagagaaacaaaggaaacttccctggtcgattctcagggcgccagttctctaactctcgctctgagatgaatgtgagcaccttggagctgggggactcggccctttatctttgcgccagcagcttgggagggggtacggggccctcctacgagcagtacttcgggccgggcaccaggctcacggtcaca	KAGVTQTPRYLIKTRGQQVTLSCSPISGHRSVSWYQQTPGQGLQFLFEYFSETQRNKGNFPGRFSGRQFSNSRSEMNVSTLELGDSALYLCASSLGGGTGPSYEQYFGPGTRLTVT	tgcgccagcagcttgggagggggtacggggccctcctacgagcagtacttc	CASSLGGGTGPSYEQYF	TRBV5-1	TRBD2	TRBJ2-7	gagggggta	ccc	0	8	3	1	tgcgccagcagcttgg	cgggg	tcctacgagcagtacttc	3.287873750800435e-4	135208221		sim_rep	Cell_43	42	TRUE	TRB
aaggctggagtcactcaaactccaagatatctgatcaaaacgagaggacagcaagtgacactgagctgctcccctatctctgggcataggagtgtatcctggtaccaacagaccccaggacagggccttcagttcctctttgaatacttcagtgagacacagagaaacaaaggaaacttccctggtcgattctcagggcgccagttctctaactctcgctctgagatgaatgtgagcaccttggagctgggggactcggccctttatctttgcgccagcagcttgggggggggggcgtatggctacaccttcggttcggggaccaggttaaccgttgta	KAGVTQTPRYLIKTRGQQVTLSCSPISGHRSVSWYQQTPGQGLQFLFEYFSETQRNKGNFPGRFSGRQFSNSRSEMNVSTLELGDSALYLCASSLGGGAYGYTFGSGTRLTVV	tgcgccagcagcttgggggggggggcgtatggctacaccttc	CASSLGGGAYGYTF	TRBV5-1	TRBD1	TRBJ1-2	gggg	g	0	6	0	5	tgcgccagcagcttgg	gggggc	tatggctacaccttc	3.140123208093968e-4	129132231		sim_rep	Cell_44	42	TRUE	TRB
gaagcccaagtgacccagaacccaagatacctcatcacagtgactggaaagaagttaacagtgacttgttctcagaatatgaaccatgagtatatgtcctggtatcgacaagacccagggctgggcttaaggcagatctactattcaatgaatgttgaggtgactgataagggagatgttcctgaagggtacaaagtctctcgaaaagagaagaggaatttccccctgatcctggagtcgcccagccccaaccagacctctctgtacttctgtgccagcagtttatctgaagctttctttggacaaggcaccagactcacagttgta	EAQVTQNPRYLITVTGKKLTVTCSQNMNHEYMSWYRQDPGLGLRQIYYSMNVEVTDKGDVPEGYKVSRKEKRNFPLILESPSPNQTSLYFCASSLSEAFFGQGTRLTVV	tgtgccagcagtttatctgaagctttcttt	CASSLSEAFF	TRBV27		TRBJ1-1			0	0	0	7	tgtgccagcagtttatc		tgaagctttc	3.002112861163092e-4	123456790		sim_rep	Cell_45	42	TRUE	TRB
ggagctggagtctcccagtcccccagtaacaaggtcacagagaagggaaaggatgtagagctcaggtgtgatccaatttcaggtcatactgccctttactggtaccgacagagcctggggcagggcctggagtttttaatttacttccaaggcaacagtgcaccagacaaatcagggctgcccagtgatcgcttctctgcagagaggactgggggatccgtctccactctgacgatccagcgcacacagcaggaggactcggccgtgtatctctgtgccagcagcttagcggtcctagcggggggcacagatacgcagtattttggcccaggcacccggctgacagtgctc	GAGVSQSPSNKVTEKGKDVELRCDPISGHTALYWYRQSLGQGLEFLIYFQGNSAPDKSGLPSDRFSAERTGGSVSTLTIQRTQQEDSAVYLCASSLAVLAGGTDTQYFGPGTRLTVL	tgtgccagcagcttagcggtcctagcggggggcacagatacgcagtatttt	CASSLAVLAGGTDTQYF	TRBV7-2	TRBD2	TRBJ2-3	ggtc		0	4	2	1	tgtgccagcagcttagc	ctagcggggg	gcacagatacgcagtatttt	2.8730049854236255e-4	118147448		sim_rep	Cell_46	42	TRUE	TRB
ggtgctggagtctcccagtctcccaggtacaaagtcacaaagaggggacaggatgtaactctcaggtgtgatccaatttcgagtcatgcaaccctttattggtatcaacaggccctggggcagggcccagagtttctgacttacttcaattatgaagctcaaccagacaaatcagggctgcccagtgatcggttctctgcagagaggcctgagggatccatctccactctgacgattcagcgcacagagcagcgggactcagccatgtatcgctgtgccagcagcttagccccggaccaagagacccagtacttcgggccaggcacgcggctcctggtgctc	GAGVSQSPRYKVTKRGQDVTLRCDPISSHATLYWYQQALGQGPEFLTYFNYEAQPDKSGLPSDRFSAERPEGSISTLTIQRTEQRDSAMYRCASSLAPDQETQYFGPGTRLLVL	tgtgccagcagcttagccccggaccaagagacccagtacttc	CASSLAPDQETQYF	TRBV7-7		TRBJ2-5	c	ccgg	0	0	0	0	tgtgccagcagcttagc		accaagagacccagtacttc	2.752050054464591e-4	113173382		sim_rep	Cell_47	42	TRUE	TRB
gatactggagtctcccagaaccccagacacaagatcacaaagaggggacagaatgtaactttcaggtgtgatccaatttctgaacacaaccgcctttattggtaccgacagaccctggggcagggcccagagtttctgacttacttccagaatgaagctcaactagaaaaatcaaggctgctcagtgatcggttctctgcagagaggcctaagggatctttctccaccttggagatccagcgcacagagcagggggactcggccatgtatctctgtgccagcagcttagggacagggggcacgaacaccggggagctgttttttggagaaggctctaggctgaccgtactg	DTGVSQNPRHKITKRGQNVTFRCDPISEHNRLYWYRQTLGQGPEFLTYFQNEAQLEKSRLLSDRFSAERPKGSFSTLEIQRTEQGDSAMYLCASSLGTGGTNTGELFFGEGSRLTVL	tgtgccagcagcttagggacagggggcacgaacaccggggagctgtttttt	CASSLGTGGTNTGELFF	TRBV7-9	TRBD1	TRBJ2-2		a	2	0	0	0	tgtgccagcagctta	gggacagggggc	cgaacaccggggagctgttt	2.638575748712593e-4	108506944		sim_rep	Cell_48	42	TRUE	TRB
ggtgctggagtctcccagtctcccaggtacaaagtcacaaagaggggacaggatgtagctctcaggtgtgatccaatttcgggtcatgtatccctttattggtaccgacaggccctggggcagggcccagagtttctgacttacttcaattatgaagcccaacaagacaaatcagggctgcccaatgatcggttctctgcagagaggcctgagggatccatctccactctgacgatccagcgcacagagcagcgggactcggccatgtatcgctgtgccagcagcttagcagagggggggcagagagctgaagctttctttggacaaggcaccagactcacagttgta	GAGVSQSPRYKVTKRGQDVALRCDPISGHVSLYWYRQALGQGPEFLTYFNYEAQQDKSGLPNDRFSAERPEGSISTLTIQRTEQRDSAMYRCASSLAEGGQRAEAFFGQGTRLTVV	tgtgccagcagcttagcagagggggggcagagagctgaagctttcttt	CASSLAEGGQRAEAFF	TRBV7-6		TRBJ1-1	agagggggggcaga	gag	0	0	0	6	tgtgccagcagcttagc		ctgaagctttc	2.5319777392455404e-4	104123282		sim_rep	Cell_49	42	TRUE	TRB
ggtgctggagtctcccagacccccagtaacaaggtcacagagaagggaaaatatgtagagctcaggtgtgatccaatttcaggtcatactgccctttactggtaccgacaaagcctggggcagggcccagagtttctaatttacttccaaggcacgggtgcggcagatgactcagggctgcccaacgatcggttctttgcagtcaggcctgagggatccgtctctactctgaagatccagcgcacagagcggggggactcagccgtgtatctctgtgccagcagcttaaccggtgggactagcgggggggaaactgaagctttctttggacaaggcaccagactcacagttgta	GAGVSQTPSNKVTEKGKYVELRCDPISGHTALYWYRQSLGQGPEFLIYFQGTGAADDSGLPNDRFFAVRPEGSVSTLKIQRTERGDSAVYLCASSLTGGTSGGETEAFFGQGTRLTVV	tgtgccagcagcttaaccggtgggactagcgggggggaaactgaagctttcttt	CASSLTGGTSGGETEAFF	TRBV7-3	TRBD2	TRBJ1-1	cggt	aaa	0	0	0	6	tgtgccagcagcttaac	gggactagcggggggg	ctgaagctttcttt	2.4317114199738158e-4	100000000		sim_rep	Cell_50	42	TRUE	TRB
aaggctggagtcactcaaactccaagatatctgatcaaaacgagaggacagcaagtgacactgagctgctcccctatctctgggcataggagtgtatcctggtaccaacagaccccaggacagggccttcagttcctctttgaatacttcagtgagacacagagaaacaaaggaaacttccctggtcgattctcagggcgccagttctctaactctcgctctgagatgaatgtgagcaccttggagctgggggactcggccctttatctttgcgccagcagcgggactagcgatgagcagttcttcgggccagggacacggctcaccgtgcta	KAGVTQTPRYLIKTRGQQVTLSCSPISGHRSVSWYQQTPGQGLQFLFEYFSETQRNKGNFPGRFSGRQFSNSRSEMNVSTLELGDSALYLCASSGTSDEQFFGPGTRLTVL	tgcgccagcagcgggactagcgatgagcagttcttc	CASSGTSDEQFF	TRBV5-1	TRBD2	TRBJ2-1	g	g	4	1	7	8	tgcgccagcagc	ggactagc	atgagcagttcttc	2.3372850988483002e-4	96116878		sim_rep	Cell_51	42	TRUE	TRB
gattctggagtcacacaaaccccaaagcacctgatcacagcaactggacagcgagtgacgctgagatgctcccctaggtctggagacctctctgtgtactggtaccaacagagcctggaccagggcctccagttcctcattcagtattataatggagaagagagagcaaaaggaaacattcttgaacgattctccgcacaacagttccctgacttgcactctgaactaaacctgagctctctggagctgggggactcagctttgtatttctgtgccagccatcggtcctacaatgagcagttcttcgggccagggacacggctcaccgtgcta	DSGVTQTPKHLITATGQRVTLRCSPRSGDLSVYWYQQSLDQGLQFLIQYYNGEERAKGNILERFSAQQFPDLHSELNLSSLELGDSALYFCASHRSYNEQFFGPGTRLTVL	tgtgccagccatcggtcctacaatgagcagttcttc	CASHRSYNEQFF	TRBV9		TRBJ2-1	catc	gg	7	0	0	1	tgtgccagc		tcctacaatgagcagttc	2.2482538942647095e-4	92455621		sim_rep	Cell_52	42	TRUE	TRB
gatactggagtctcccagaaccccagacacaagatcacaaagaggggacagaatgtaactttcaggtgtgatccaatttctgaacacaaccgcctttattggtaccgacagaccctggggcagggcccagagtttctgacttacttccagaatgaagctcaactagaaaaatcaaggctgctcagtgatcggttctctgcagagaggcctaagggatctttctccaccttggagatccagcgcacagagcagggggactcggccatgtatctctgtgccagcagcttagcaggggggggtggagacgagcagtacttcgggccgggcaccaggctcacggtcaca	DTGVSQNPRHKITKRGQNVTFRCDPISEHNRLYWYRQTLGQGPEFLTYFQNEAQLEKSRLLSDRFSAERPKGSFSTLEIQRTEQGDSAMYLCASSLAGGGGDEQYFGPGTRLTVT	tgtgccagcagcttagcaggggggggtggagacgagcagtacttc	CASSLAGGGGDEQYF	TRBV7-9	TRBD2	TRBJ2-7	agg	gtggag	0	11	0	5	tgtgccagcagcttagc	ggggg	acgagcagtacttc	2.164214506884041e-4	88999644		sim_rep	Cell_53	42	TRUE	TRB
ggtgctggagtctcccagacccccagtaacaaggtcacagagaagggaaaatatgtagagctcaggtgtgatccaatttcaggtcatactgccctttactggtaccgacaaagcctggggcagggcccagagtttctaatttacttccaaggcacgggtgcggcagatgactcagggctgcccaacgatcggttctttgcagtcaggcctgagggatccgtctctactctgaagatccagcgcacagagcggggggactcagccgtgtatctctgtgccagcagcgaagggaacaccggggagctgttttttggagaaggctctaggctgaccgtactg	GAGVSQTPSNKVTEKGKYVELRCDPISGHTALYWYRQSLGQGPEFLIYFQGTGAADDSGLPNDRFFAVRPEGSVSTLKIQRTERGDSAVYLCASSEGNTGELFFGEGSRLTVL	tgtgccagcagcgaagggaacaccggggagctgtttttt	CASSEGNTGELFF	TRBV7-3		TRBJ2-2	gaa	gg	5	0	0	1	tgtgccagcagc		gaacaccggggagctgttt	2.0848005993808757e-4	85733882		sim_rep	Cell_54	42	TRUE	TRB
gatactggagtctcccagaaccccagacacaagatcacaaagaggggacagaatgtaactttcaggtgtgatccaatttctgaacacaaccgcctttattggtaccgacagaccctggggcagggcccagagtttctgacttacttccagaatgaagctcaactagaaaaatcaaggctgctcagtgatcggttctctgcagagaggcctaagggatctttctccaccttggagatccagcgcacagagcagggggactcggccatgtatctctgtgccagcagcttagcattctctcttggggggggggaagagacccagtacttcgggccaggcacgcggctcctggtgctc	DTGVSQNPRHKITKRGQNVTFRCDPISEHNRLYWYRQTLGQGPEFLTYFQNEAQLEKSRLLSDRFSAERPKGSFSTLEIQRTEQGDSAMYLCASSLAFSLGGGEETQYFGPGTRLLVL	tgtgccagcagcttagcattc	CASSLAF	TRBV7-9	TRBD2	TRBJ2-5	attctctctt	ggggg	0	11	0	3	tgtgccagcagcttagc	ggggg	aagagacccagtacttc	2.0096788570708778e-4	82644628		sim_rep	Cell_55	42	TRUE	TRB
gaacctgaagtcacccagactcccagccatcaggtcacacagatgggacaggaagtgatcttgcgctgtgtccccatctctaatcacttatacttctattggtacagacaaatcttggggcagaaagtcgagtttctggtttccttttataataatgaaatctcagagaagtctgaaatattcgatgatcaattctcagttgaaaggcctgatggatcaaatttcactctgaagatccggtccacaaagctggaggactcagccatgtacttctgtgccagcagtgaagcatacgagcagtacttcgggccgggcaccaggctcacggtcaca	EPEVTQTPSHQVTQMGQEVILRCVPISNHLYFYWYRQILGQKVEFLVSFYNNEISEKSEIFDDQFSVERPDGSNFTLKIRSTKLEDSAMYFCASSEAYEQYFGPGTRLTVT	tgtgccagcagtgaagcatacgagcagtacttc	CASSEAYEQYF	TRBV2		TRBJ2-7	a		0	0	0	4	tgtgccagcagtgaagc		tacgagcagtacttc	1.9385454619292358e-4	79719388		sim_rep	Cell_56	42	TRUE	TRB
gatggtggaatcactcagtccccaaagtacctgttcagaaaggaaggacagaatgtgaccctgagttgtgaacagaatttgaaccacgatgccatgtactggtaccgacaggacccagggcaagggctgagattgatctactactcacagatagtaaatgactttcagaaaggagatatagctgaagggtacagcgtctctcgggagaagaaggaatcctttcctctcactgtgacatcggcccaaaagaacccgacagctttctatctctgtgccagtagtatgagtactagcggggggaggcacactgaagctttctttggacaaggcaccagactcacagttgta	DGGITQSPKYLFRKEGQNVTLSCEQNLNHDAMYWYRQDPGQGLRLIYYSQIVNDFQKGDIAEGYSVSREKKESFPLTVTSAQKNPTAFYLCASSMSTSGGRHTEAFFGQGTRLTVV	tgtgccagtagtatgagtactagcggggggaggcacactgaagctttcttt	CASSMSTSGGRHTEAFF	TRBV19	TRBD2	TRBJ1-1	gagta	gaggc	3	4	2	3	tgtgccagtagtat	ctagcggggg	acactgaagctttc	1.8711229800000447e-4	76946753		sim_rep	Cell_57	42	TRUE	TRB
gattctggagtcacacaaaccccaaagcacctgatcacagcaactggacagcgagtgacgctgagatgctcccctaggtctggagacctctctgtgtactggtaccaacagagcctggaccagggcctccagttcctcattcagtattataatggagaagagagagcaaaaggaaacattcttgaacgattctccgcacaacagttccctgacttgcactctgaactaaacctgagctctctggagctgggggactcagctttgtatttctgtgccagcagcgtaggacggggtactagcgggggggccgagacccagtacttcgggccaggcacgcggctcctggtgctc	DSGVTQTPKHLITATGQRVTLRCSPRSGDLSVYWYQQSLDQGLQFLIQYYNGEERAKGNILERFSAQQFPDLHSELNLSSLELGDSALYFCASSVGRGTSGGAETQYFGPGTRLLVL	tgtgccagcagcgtaggacggggtactagcgggggggccgagacccagtacttc	CASSVGRGTSGGAETQYF	TRBV9	TRBD2	TRBJ2-5	gacggggta	cc	0	4	0	5	tgtgccagcagcgtag	ctagcggggggg	gagacccagtacttc	1.8071577108308588e-4	74316290		sim_rep	Cell_58	42	TRUE	TRB
ggtgctggagtctcccagacccccagtaacaaggtcacagagaagggaaaatatgtagagctcaggtgtgatccaatttcaggtcatactgccctttactggtaccgacaaagcctggggcagggcccagagtttctaatttacttccaaggcacgggtgcggcagatgactcagggctgcccaacgatcggttctttgcagtcaggcctgagggatccgtctctactctgaagatccagcgcacagagcggggggactcagccgtgtatctctgtgccagcagcttaacagatagctctgttttttggcagtggaacccagctctctgtctt	GAGVSQTPSNKVTEKGKYVELRCDPISGHTALYWYRQSLGQGPEFLIYFQGTGAADDSGLPNDRFFAVRPEGSVSTLKIQRTERGDSAVYLCASSLTDSSVFWQWNPALCL	tgtgccagcagcttaacagatagctctgttttttgg	CASSLTDSSVFW	TRBV7-3	TRBD2	TRBJ1-4	aga	t	0	5	7	14	tgtgccagcagcttaac	tagc	ctgttttttgg	1.7464172800783857e-4	71818443		sim_rep	Cell_59	42	TRUE	TRB
aatgctggtgtcactcagaccccaaaattccaggtcctgaagacaggacagagcatgacactgcagtgtgcccaggatatgaaccataactccatgtactggtatcgacaagacccaggcatgggactgaggctgatttattactcagcttctgagggtaccactgacaaaggagaagtccccaatggctacaatgtctccagattaaacaaacgggagttctcgctcaggctggagtcggctgctccctcccagacatctgtgtacttctgtgccagcagtgaagcggcccggggctcctacgagcagtacttcgggccgggcaccaggctcacggtcaca	NAGVTQTPKFQVLKTGQSMTLQCAQDMNHNSMYWYRQDPGMGLRLIYYSASEGTTDKGEVPNGYNVSRLNKREFSLRLESAAPSQTSVYFCASSEAARGSYEQYFGPGTRLTVT	tgtgccagcagtgaagcggcccggggctcctacgagcagtacttc	CASSEAARGSYEQYF	TRBV6-1	TRBD2	TRBJ2-7	ggccc		0	9	3	0	tgtgccagcagtgaagc	gggg	ctcctacgagcagtacttc	1.6886884752853213e-4	69444444		sim_rep	Cell_60	42	TRUE	TRB
aatgccggcgtcatgcagaacccaagacacctggtcaggaggaggggacaggaggcaagactgagatgcagcccaatgaaaggacacagtcatgtttactggtatcggcagctcccagaggaaggtctgaaattcatggtttatctccagaaagaaaatatcatagatgagtcaggaatgccaaaggaacgattttctgctgaatttcccaaagagggccccagcatcctgaggatccagcaggtagtgcgaggagattcggcagcttatttctgtgccagctcaccaccgagtcagccccagcattttggtgatgggactcgactctccatccta	NAGVMQNPRHLVRRRGQEARLRCSPMKGHSHVYWYRQLPEEGLKFMVYLQKENIIDESGMPKERFSAEFPKEGPSILRIQQVVRGDSAAYFCASSPPSQPQHFGDGTRLSIL	tgtgccagctcaccaccgagtcagccccagcatttt	CASSPPSQPQHF	TRBV18		TRBJ1-5		gag	0	0	0	6	tgtgccagctcaccacc		tcagccccagcatttt	1.633775470731016e-4	67186240		sim_rep	Cell_61	42	TRUE	TRB
ggagctggagtctcccagtcccccagtaacaaggtcacagagaagggaaaggatgtagagctcaggtgtgatccaatttcaggtcatactgccctttactggtaccgacagagcctggggcagggcctggagtttttaatttacttccaaggcaacagtgcaccagacaaatcagggctgcccagtgatcgcttctctgcagagaggactgggggatccgtctccactctgacgatccagcgcacacagcaggaggactcggccgtgtatctctgtgccagcagcttaagtagcggggcgagcaatcagccccagcattttggtgatgggactcgactctccatccta	GAGVSQSPSNKVTEKGKDVELRCDPISGHTALYWYRQSLGQGLEFLIYFQGNSAPDKSGLPSDRFSAERTGGSVSTLTIQRTQQEDSAVYLCASSLSSGASNQPQHFGDGTRLSIL	tgtgccagcagcttaagtagcggggcgagcaatcagccccagcatttt	CASSLSSGASNQPQHF	TRBV7-2	TRBD2	TRBJ1-5	ag	cg	2	5	3	1	tgtgccagcagctta	tagcgggg	agcaatcagccccagcatttt	1.581498052282135e-4	65036420		sim_rep	Cell_62	42	TRUE	TRB
aatgctggtgtcactcagaccccaaaattccaggtcctgaagacaggacagagcatgacactgcagtgtgcccaggatatgaaccataactccatgtactggtatcgacaagacccaggcatgggactgaggctgatttattactcagcttctgagggtaccactgacaaaggagaagtccccaatggctacaatgtctccagattaaacaaacgggagttctcgctcaggctggagtcggctgctccctcccagacatctgtgtacttctgtgccagcagtgaagttaagactagcgggggggaactaatgaaaaactgttttttggcagtggaacccagctctctgtcttgg	NAGVTQTPKFQVLKTGQSMTLQCAQDMNHNSMYWYRQDPGMGLRLIYYSASEGTTDKGEVPNGYNVSRLNKREFSLRLESAAPSQTSVYFCASSEVKTSGGELMKNCFLAVEPSSLSW	tgtgccagcagtgaagttaagactagcgggggggaactaatgaaaaactgttttttggcagtggaacccagctctctgtcttgg	CASSEVKTSGGELMKNCFLAVEPSSLSWNA	TRBV6-1	TRBD2	TRBJ1-4	ttaa		1	2	0	1	tgtgccagcagtgaag	gactagcggggggg	aactaatgaaaaactgtttt	1.5316902313171506e-4	62988158		sim_rep	Cell_63	42	TRUE	TRB
gaagctggagttactcagttccccagccacagcgtaatagagaagggccagactgtgactctgagatgtgacccaatttctggacatgataatctttattggtatcgacgtgttatgggaaaagaaataaaatttctgttacattttgtgaaagagtctaaacaggatgagtccggtatgcccaacaatcgattcttagctgaaaggactggagggacgtattctactctgaaggtgcagcctgcagaactggaggattctggagtttatttctgtgccagcagccatccggggacagggggcggctcctacgagcagtacttcgggccgggcaccaggctcacggtcaca	EAGVTQFPSHSVIEKGQTVTLRCDPISGHDNLYWYRRVMGKEIKFLLHFVKESKQDESGMPNNRFLAERTGGTYSTLKVQPAELEDSGVYFCASSHPGTGGGSYEQYFGPGTRLTVT	tgtgccagcagccatccggggacagggggcggctcctacgagcagtacttc	CASSHPGTGGGSYEQYF	TRBV14	TRBD1	TRBJ2-7	tccg	gg	3	0	0	0	tgtgccagcagcca	gggacagggggc	ctcctacgagcagtacttc	1.4841988586508336e-4	61035156		sim_rep	Cell_64	42	TRUE	TRB
gaagcccaagtgacccagaacccaagatacctcatcacagtgactggaaagaagttaacagtgacttgttctcagaatatgaaccatgagtatatgtcctggtatcgacaagacccagggctgggcttaaggcagatctactattcaatgaatgttgaggtgactgataagggagatgttcctgaagggtacaaagtctctcgaaaagagaagaggaatttccccctgatcctggagtcgcccagccccaaccagacctctctgtacttctgtgccagcagtttatcgcccacaggggagtattttggcccaggcacccggctgacagtgctc	EAQVTQNPRYLITVTGKKLTVTCSQNMNHEYMSWYRQDPGLGLRQIYYSMNVEVTDKGDVPEGYKVSRKEKRNFPLILESPSPNQTSLYFCASSLSPTGEYFGPGTRLTVL	tgtgccagcagtttatcgcccacaggggagtatttt	CASSLSPTGEYF	TRBV27	TRBD1	TRBJ2-3	gccc	g	0	3	3	13	tgtgccagcagtttatc	acaggg	agtatttt	1.438882505946998e-4	59171598		sim_rep	Cell_65	42	TRUE	TRB
ggtgctggagtctcccagtctcccaggtacaaagtcacaaagaggggacaggatgtagctctcaggtgtgatccaatttcgggtcatgtatccctttattggtaccgacaggccctggggcagggcccagagtttctgacttacttcaattatgaagcccaacaagacaaatcagggctgcccaatgatcggttctctgcagagaggcctgagggatccatctccactctgacgatccagcgcacagagcagcgggactcggccatgtatcgctgtgccagcagcttagcttggggtaaggctaactatggctacaccttcggttcggggaccaggttaaccgttgta	GAGVSQSPRYKVTKRGQDVALRCDPISGHVSLYWYRQALGQGPEFLTYFNYEAQQDKSGLPNDRFSAERPEGSISTLTIQRTEQRDSAMYRCASSLAWGKANYGYTFGSGTRLTVV	tgtgccagcagcttagcttgg	CASSLAW	TRBV7-6		TRBJ1-2	ttggggta	agg	0	0	0	0	tgtgccagcagcttagc		ctaactatggctacaccttc	1.395610322814135e-4	57392103		sim_rep	Cell_66	42	TRUE	TRB
gatggtggaatcactcagtccccaaagtacctgttcagaaaggaaggacagaatgtgaccctgagttgtgaacagaatttgaaccacgatgccatgtactggtaccgacaggacccagggcaagggctgagattgatctactactcacagatagtaaatgactttcagaaaggagatatagctgaagggtacagcgtctctcgggagaagaaggaatcctttcctctcactgtgacatcggcccaaaagaacccgacagctttctatctctgtgccagtagtatagaggagtctgggggctcctacgagcagtacttcgggccgggcaccaggctcacggtcaca	DGGITQSPKYLFRKEGQNVTLSCEQNLNHDAMYWYRQDPGQGLRLIYYSQIVNDFQKGDIAEGYSVSREKKESFPLTVTSAQKNPTAFYLCASSIEESGGSYEQYFGPGTRLTVT	tgtgccagtagtatagaggagtctgggggctcctacgagcagtacttc	CASSIEESGGSYEQYF	TRBV19	TRBD2	TRBJ2-7	ggagtct		0	11	0	0	tgtgccagtagtataga	ggggg	ctcctacgagcagtacttc	1.3542612100235298e-4	55691691		sim_rep	Cell_67	42	TRUE	TRB
aaggctggagtcactcaaactccaagatatctgatcaaaacgagaggacagcaagtgacactgagctgctcccctatctctgggcataggagtgtatcctggtaccaacagaccccaggacagggccttcagttcctctttgaatacttcagtgagacacagagaaacaaaggaaacttccctggtcgattctcagggcgccagttctctaactctcgctctgagatgaatgtgagcaccttggagctgggggactcggccctttatctttgcgccagcagcttggagggactagcgggggggcgcacagatacgcagtattttggcccaggcacccggctgacagtgctc	KAGVTQTPRYLIKTRGQQVTLSCSPISGHRSVSWYQQTPGQGLQFLFEYFSETQRNKGNFPGRFSGRQFSNSRSEMNVSTLELGDSALYLCASSLEGLAGGRTDTQYFGPGTRLTVL	tgcgccagcagcttggagggactagcgggggggcgcacagatacgcagtatttt	CASSLEGLAGGRTDTQYF	TRBV5-1	TRBD2	TRBJ2-3	a	c	0	0	0	1	tgcgccagcagcttgg	gggactagcggggggg	gcacagatacgcagtatttt	1.314722871141808e-4	54065744		sim_rep	Cell_68	42	TRUE	TRB
gatggtggaatcactcagtccccaaagtacctgttcagaaaggaaggacagaatgtgaccctgagttgtgaacagaatttgaaccacgatgccatgtactggtaccgacaggacccagggcaagggctgagattgatctactactcacagatagtaaatgactttcagaaaggagatatagctgaagggtacagcgtctctcgggagaagaaggaatcctttcctctcactgtgacatcggcccaaaagaacccgacagctttctatctctgtgccagtagtatagaagagggactagcgggggtcggctcctacgagcagtacttcgggccgggcaccaggctcacggtcaca	DGGITQSPKYLFRKEGQNVTLSCEQNLNHDAMYWYRQDPGQGLRLIYYSQIVNDFQKGDIAEGYSVSREKKESFPLTVTSAQKNPTAFYLCASSIEEGLAGVGSYEQYFGPGTRLTVT	tgtgccagtagtatagaagagggactagcgggggtcggctcctacgagcagtacttc	CASSIEEGLAGVGSYEQYF	TRBV19	TRBD2	TRBJ2-7	aga	gtcgg	0	0	3	0	tgtgccagtagtataga	gggactagcgggg	ctcctacgagcagtacttc	1.2768911073346241e-4	52509977		sim_rep	Cell_69	42	TRUE	TRB
aatgctggtgtcactcagaccccaaaattccaggtcctgaagacaggacagagcatgacactgcagtgtgcccaggatatgaaccataactccatgtactggtatcgacaagacccaggcatgggactgaggctgatttattactcagcttctgagggtaccactgacaaaggagaagtccccaatggctacaatgtctccagattaaacaaacgggagttctcgctcaggctggagtcggctgctccctcccagacatctgtgtacttctgtgccagcagtgaagcactagcggggcggtacgagcagtacttcgggccgggcaccaggctcacggtcaca	NAGVTQTPKFQVLKTGQSMTLQCAQDMNHNSMYWYRQDPGMGLRLIYYSASEGTTDKGEVPNGYNVSRLNKREFSLRLESAAPSQTSVYFCASSEALAGRYEQYFGPGTRLTVT	tgtgccagcagtgaagcactagcggggcggtacgagcagtacttc	CASSEALAGRYEQYF	TRBV6-1	TRBD2	TRBJ2-7		cgg	0	3	3	4	tgtgccagcagtgaagc	actagcgggg	tacgagcagtacttc	1.2406690878532343e-4	51020408		sim_rep	Cell_70	42	TRUE	TRB
ggagctggagtctcccagtcccccagtaacaaggtcacagagaagggaaaggatgtagagctcaggtgtgatccaatttcaggtcatactgccctttactggtaccgacagagcctggggcagggcctggagtttttaatttacttccaaggcaacagtgcaccagacaaatcagggctgcccagtgatcgcttctctgcagagaggactgggggatccgtctccactctgacgatccagcgcacacagcaggaggactcggccgtgtatctctgtgccagcagcttagccagcaacttcagggaccccggggagctgttttttggagaaggctctaggctgaccgtactg	GAGVSQSPSNKVTEKGKDVELRCDPISGHTALYWYRQSLGQGLEFLIYFQGNSAPDKSGLPSDRFSAERTGGSVSTLTIQRTQQEDSAVYLCASSLASNFRDPGELFFGEGSRLTVL	tgtgccagcagcttagccagcaacttc	CASSLASNF	TRBV7-2	TRBD1	TRBJ2-2	cagcaacttca	cc	0	0	7	7	tgtgccagcagcttagc	gggac	cggggagctgttt	1.2059667907408715e-4	49593335		sim_rep	Cell_71	42	TRUE	TRB
gatactggagtctcccagaaccccagacacaagatcacaaagaggggacagaatgtaactttcaggtgtgatccaatttctgaacacaaccgcctttattggtaccgacagaccctggggcagggcccagagtttctgacttacttccagaatgaagctcaactagaaaaatcaaggctgctcagtgatcggttctctgcagagaggcctaagggatctttctccaccttggagatccagcgcacagagcagggggactcggccatgtatctctgtgccagcagcaagggggagggggctgaagctttctttggacaaggcaccagactcacagttgta	DTGVSQNPRHKITKRGQNVTFRCDPISEHNRLYWYRQTLGQGPEFLTYFQNEAQLEKSRLLSDRFSAERPKGSFSTLEIQRTEQGDSAMYLCASSKGEGAEAFFGQGTRLTVV	tgtgccagcagcaagggggagggggctgaagctttcttt	CASSKGEGAEAFF	TRBV7-9	TRBD1	TRBJ1-1	aaggggg		5	5	0	7	tgtgccagcagc	agggggc	tgaagctttc	1.1727003462706605e-4	48225309		sim_rep	Cell_72	42	TRUE	TRB
catgccaaagtcacacagactccaggacatttggtcaaaggaaaaggacagaaaacaaagatggattgtacccccgaaaaaggacatacttttgtttattggtatcaacagaatcagaataaagagtttatgcttttgatttcctttcagaatgaacaagttcttcaagaaacggagatgcacaagaagcgattctcatctcaatgccccaagaacgcaccctgcagcctggcaatcctgtcctcagaaccgggagacacggcactgtatctctgcgccagcagtcaatcctccgggggtagggtcaatcagccccagcattttggtgatgggactcgactctccatccta	HAKVTQTPGHLVKGKGQKTKMDCTPEKGHTFVYWYQQNQNKEFMLLISFQNEQVLQETEMHKKRFSSQCPKNAPCSLAILSSEPGDTALYLCASSQSSGGRVNQPQHFGDGTRLSIL	tgcgccagcagtcaatcctccgggggtagggtcaatcagccccagcatttt	CASSQSSGGRVNQPQHF	TRBV23-1	TRBD2	TRBJ1-5	ctc	tagggt	0	8	2	3	tgcgccagcagtcaatc	cggggg	caatcagccccagcatttt	1.1407916235546776e-4	46913117		sim_rep	Cell_73	42	TRUE	TRB
aaggctggagtcactcaaactccaagatatctgatcaaaacgagaggacagcaagtgacactgagctgctcccctatctctgggcataggagtgtatcctggtaccaacagaccccaggacagggccttcagttcctctttgaatacttcagtgagacacagagaaacaaaggaaacttccctggtcgattctcagggcgccagttctctaactctcgctctgagatgaatgtgagcaccttggagctgggggactcggccctttatctttgcgccagcagcttggcccgggacagggtctcctacgagcagtacttcgggccgggcaccaggctcacggtcaca	KAGVTQTPRYLIKTRGQQVTLSCSPISGHRSVSWYQQTPGQGLQFLFEYFSETQRNKGNFPGRFSGRQFSNSRSEMNVSTLELGDSALYLCASSLARDRVSYEQYFGPGTRLTVT	tgcgccagcagcttggcccgggacagggtctcctacgagcagtacttc	CASSLARDRVSYEQYF	TRBV5-1	TRBD1	TRBJ2-7	ccc	gtc	0	0	4	1	tgcgccagcagcttgg	gggacagg	tcctacgagcagtacttc	1.1101677442016663e-4	45653762		sim_rep	Cell_74	42	TRUE	TRB
gatggtggaatcactcagtccccaaagtacctgttcagaaaggaaggacagaatgtgaccctgagttgtgaacagaatttgaaccacgatgccatgtactggtaccgacaggacccagggcaagggctgagattgatctactactcacagatagtaaatgactttcagaaaggagatatagctgaagggtacagcgtctctcgggagaagaaggaatcctttcctctcactgtgacatcggcccaaaagaacccgacagctttctatctctgtgccagtagtatagagggacagggggcgtatggctacaccttcggttcggggaccaggttaaccgttgta	DGGITQSPKYLFRKEGQNVTLSCEQNLNHDAMYWYRQDPGQGLRLIYYSQIVNDFQKGDIAEGYSVSREKKESFPLTVTSAQKNPTAFYLCASSIEGQGAYGYTFGSGTRLTVV	tgtgccagtagtatagagggacagggggcgtatggctacaccttc	CASSIEGQGAYGYTF	TRBV19	TRBD1	TRBJ1-2		g	0	0	0	5	tgtgccagtagtataga	gggacagggggc	tatggctacaccttc	1.0807606202918675e-4	44444444		sim_rep	Cell_75	42	TRUE	TRB
gatggtggaatcactcagtccccaaagtacctgttcagaaaggaaggacagaatgtgaccctgagttgtgaacagaatttgaaccacgatgccatgtactggtaccgacaggacccagggcaagggctgagattgatctactactcacagatagtaaatgactttcagaaaggagatatagctgaagggtacagcgtctctcgggagaagaaggaatcctttcctctcactgtgacatcggcccaaaagaacccgacagctttctatctctgtgccagtagtatagacccgggccaatccttgacgcagtattttggcccaggcacccggctgacagtgctc	DGGITQSPKYLFRKEGQNVTLSCEQNLNHDAMYWYRQDPGQGLRLIYYSQIVNDFQKGDIAEGYSVSREKKESFPLTVTSAQKNPTAFYLCASSIDPGQSLTQYFGPGTRLTVL	tgtgccagtagtatagacccgggccaatccttgacgcagtatttt	CASSIDPGQSLTQYF	TRBV19	TRBD1	TRBJ2-3	ccc	caatccttg	0	8	0	9	tgtgccagtagtataga	gggc	acgcagtatttt	1.0525066625716485e-4	43282548		sim_rep	Cell_76	42	TRUE	TRB
gatactggagtctcccagaaccccagacacaagatcacaaagaggggacagaatgtaactttcaggtgtgatccaatttctgaacacaaccgcctttattggtaccgacagaccctggggcagggcccagagtttctgacttacttccagaatgaagctcaactagaaaaatcaaggctgctcagtgatcggttctctgcagagaggcctaagggatctttctccaccttggagatccagcgcacagagcagggggactcggccatgtatctctgtgccagcagcttagcagcggggggacactgctcctacgagcagtacttcgggccgggcaccaggctcacggtcaca	DTGVSQNPRHKITKRGQNVTFRCDPISEHNRLYWYRQTLGQGPEFLTYFQNEAQLEKSRLLSDRFSAERPKGSFSTLEIQRTEQGDSAMYLCASSLAAGGHCSYEQYFGPGTRLTVT	tgtgccagcagcttagcagcggggggacactgctcctacgagcagtacttc	CASSLAAGGHCSYEQYF	TRBV7-9	TRBD2	TRBJ2-7		gacactg	0	6	2	0	tgtgccagcagcttagc	agcggggg	ctcctacgagcagtacttc	1.0253463670625627e-4	42165627		sim_rep	Cell_77	42	TRUE	TRB
gaagcccaagtgacccagaacccaagatacctcatcacagtgactggaaagaagttaacagtgacttgttctcagaatatgaaccatgagtatatgtcctggtatcgacaagacccagggctgggcttaaggcagatctactattcaatgaatgttgaggtgactgataagggagatgttcctgaagggtacaaagtctctcgaaaagagaagaggaatttccccctgatcctggagtcgcccagccccaaccagacctctctgtacttctgtgccagcagtttaggggacagggggccctcctataattcacccctccactttgggaatgggaccaggctcactgtgaca	EAQVTQNPRYLITVTGKKLTVTCSQNMNHEYMSWYRQDPGLGLRQIYYSMNVEVTDKGDVPEGYKVSRKEKRNFPLILESPSPNQTSLYFCASSLGDRGPSYNSPLHFGNGTRLTVT	tgtgccagcagtttaggggacagggggccctcctataattcacccctccacttt	CASSLGDRGPSYNSPLHF	TRBV27	TRBD1	TRBJ1-6	g	c	2	0	0	0	tgtgccagcagttta	gggacagggggc	ctcctataattcacccctccacttt	9.992239503046359e-5	41091387		sim_rep	Cell_78	42	TRUE	TRB
gaagctggagttactcagttccccagccacagcgtaatagagaagggccagactgtgactctgagatgtgacccaatttctggacatgataatctttattggtatcgacgtgttatgggaaaagaaataaaatttctgttacattttgtgaaagagtctaaacaggatgagtccggtatgcccaacaatcgattcttagctgaaaggactggagggacgtattctactctgaaggtgcagcctgcagaactggaggattctggagtttatttctgtgccagaggggagctgttttttggagaaggctctaggctgaccgtactg	EAGVTQFPSHSVIEKGQTVTLRCDPISGHDNLYWYRRVMGKEIKFLLHFVKESKQDESGMPNNRFLAERTGGTYSTLKVQPAELEDSGVYFCARGELFFGEGSRLTVL	tgtgccagaggggagctgtttttt	CARGELFF	TRBV14	TRBD2	TRBJ2-2	g	gg	10	3	12	10	tgtgcca	a	ggagctgttt	9.740872520879098e-5	40057683		sim_rep	Cell_79	42	TRUE	TRB
gaagcccaagtgacccagaacccaagatacctcatcacagtgactggaaagaagttaacagtgacttgttctcagaatatgaaccatgagtatatgtcctggtatcgacaagacccagggctgggcttaaggcagatctactattcaatgaatgttgaggtgactgataagggagatgttcctgaagggtacaaagtctctcgaaaagagaagaggaatttccccctgatcctggagtcgcccagccccaaccagacctctctgtacttctgtgccagcagtttatcactagcggggggggaggtaatgaaaaactgttttttggcagtggaacccagctctctgtcttgg	EAQVTQNPRYLITVTGKKLTVTCSQNMNHEYMSWYRQDPGLGLRQIYYSMNVEVTDKGDVPEGYKVSRKEKRNFPLILESPSPNQTSLYFCASSLSLAGGEVMKNCFLAVEPSSLSW	tgtgccagcagtttatcactagcggggggggaggtaatgaaaaactgttttttggcagtggaacccagctctctgtcttgg	CASSLSLAGGEVMKNCFLAVEPSSLSWNA	TRBV27	TRBD2	TRBJ1-4		gagg	0	3	0	4	tgtgccagcagtttatc	actagcggggggg	taatgaaaaactgtttt	9.498872734272718e-5	39062500		sim_rep	Cell_80	42	TRUE	TRB
ggtgctgtcgtctctcaacatccgagctgggttatctgtaagagtggaacctctgtgaagatcgagtgccgttccctggactttcaggccacaactatgttttggtatcgtcagttcccgaaacagagtctcatgctgatggcaacttccaatgagggctccaaggccacatacgagcaaggcgtcgagaaggacaagtttctcatcaaccatgcaagcctgaccttgtccactctgacagtgaccagtgcccatcctgaagacagcagcttctacatctgcagtgctagagacgggcgggcgaacaccggggagctgttttttggagaaggctctaggctgaccgtactg	GAVVSQHPSWVICKSGTSVKIECRSLDFQATTMFWYRQFPKQSLMLMATSNEGSKATYEQGVEKDKFLINHASLTLSTLTVTSAHPEDSSFYICSARDGRANTGELFFGEGSRLTVL	tgcagtgctagagacgggcgggcgaacaccggggagctgtttttt	CSARDGRANTGELFF	TRBV20-1	TRBD2	TRBJ2-2	cggg	g	0	8	5	0	tgcagtgctagaga	cgg	cgaacaccggggagctgttt	9.265780549768844e-5	38103948		sim_rep	Cell_81	42	TRUE	TRB
aaggctggagtcactcaaactccaagatatctgatcaaaacgagaggacagcaagtgacactgagctgctcccctatctctgggcataggagtgtatcctggtaccaacagaccccaggacagggccttcagttcctctttgaatacttcagtgagacacagagaaacaaaggaaacttccctggtcgattctcagggcgccagttctctaactctcgctctgagatgaatgtgagcaccttggagctgggggactcggccctttatctttgcgccagcagcttggaacccaccggggagctgttttttggagaaggctctaggctgaccgtactg	KAGVTQTPRYLIKTRGQQVTLSCSPISGHRSVSWYQQTPGQGLQFLFEYFSETQRNKGNFPGRFSGRQFSNSRSEMNVSTLELGDSALYLCASSLEPTGELFFGEGSRLTVL	tgcgccagcagcttggaacccaccggggagctgtttttt	CASSLEPTGELFF	TRBV5-1	TRBD1	TRBJ2-2	a	cc	0	3	7	5	tgcgccagcagcttgg	ac	accggggagctgtttttt	9.041163852248147e-5	37180250		sim_rep	Cell_82	42	TRUE	TRB
aaggctggagtcactcaaactccaagatatctgatcaaaacgagaggacagcaagtgacactgagctgctcccctatctctgggcataggagtgtatcctggtaccaacagaccccaggacagggccttcagttcctctttgaatacttcagtgagacacagagaaacaaaggaaacttccctggtcgattctcagggcgccagttctctaactctcgctctgagatgaatgtgagcaccttggagctgggggactcggccctttatctttgcgccagcagcttgggtgggggactaatgaaaaactgttttttggcagtggaacccagctctctgtcttgg	KAGVTQTPRYLIKTRGQQVTLSCSPISGHRSVSWYQQTPGQGLQFLFEYFSETQRNKGNFPGRFSGRQFSNSRSEMNVSTLELGDSALYLCASSLGGGLMKNCFLAVEPSSLSW	tgcgccagcagcttgggtgggggactaatgaaaaactgttttttggcagtggaacccagctctctgtcttgg	CASSLGGGLMKNCFLAVEPSSLSWNA	TRBV5-1	TRBD2	TRBJ1-4	gt	g	0	10	2	2	tgcgccagcagcttgg	gggg	actaatgaaaaactgttttttggcagtggaacccagctctctgtcttgg	8.824616789074632e-5	36289737		sim_rep	Cell_83	42	TRUE	TRB
gatgctggaatcacccagagcccaagatacaagatcacagagacaggaaggcaggtgaccttgatgtgtcaccagacttggagccacagctatatgttctggtatcgacaagacctgggacatgggctgaggctgatctattactcagcagctgctgatattacagataaaggagaagtccccgatggctatgttgtctccagatccaagacagagaatttccccctcactctggagtcagctacccgctcccagacatctgtgtatttctgcgccagcagtgagtctccagcggggggggaaaaactgttttttggcagtggaacccagctctctgtcttg	DAGITQSPRYKITETGRQVTLMCHQTWSHSYMFWYRQDLGHGLRLIYYSAAADITDKGEVPDGYVVSRSKTENFPLTLESATRSQTSVYFCASSESPAGGEKLFFGSGTQLSVL	tgcgccagcagtgagtctccagcggggggggaaaaactgtttttt	CASSESPAGGEKLFF	TRBV10-2	TRBD2	TRBJ1-4	tcc		0	6	0	8	tgcgccagcagtgagtc	agcggggggg	gaaaaactgtttttt	8.615757581555365e-5	35430839		sim_rep	Cell_84	42	TRUE	TRB
gagactggagtcacccaaagtcccacacacctgatcaaaacgagaggacagcaagtgactctgagatgctcttctcagtctgggcacaacactgtgtcctggtaccaacaggccctgggtcaggggccccagtttatctttcagtattatagggaggaagagaatggcagaggaaacttccctcctagattctcaggtctccagttccctaattatagctctgagctgaatgtgaacgccttggagctggacgactcggccctgtatctctgtgccagcaacggaggcacagatacgcagtattttggcccaggcacccggctgacagtgctc	ETGVTQSPTHLIKTRGQQVTLRCSSQSGHNTVSWYQQALGQGPQFIFQYYREEENGRGNFPPRFSGLQFPNYSSELNVNALELDDSALYLCASNGGTDTQYFGPGTRLTVL	tgtgccagcaacggaggcacagatacgcagtatttt	CASNGGTDTQYF	TRBV5-4	TRBD1	TRBJ2-3	acgg		6	5	4	2	tgtgccagca	agg	cacagatacgcagtatttt	8.41422633640019e-5	34602076		sim_rep	Cell_85	42	TRUE	TRB
gatgtgaaagtaacccagagctcgagatatctagtcaaaaggacgggagagaaagtttttctggaatgtgtccaggatatggaccatgaaaatatgttctggtatcgacaagacccaggtctggggctacggctgatctatttctcatatgatgttaaaatgaaagaaaaaggagatattcctgaggggtacagtgtctctagagagaagaaggagcgcttctccctgattctggagtccgccagcaccaaccagacatctatgtacctctgtgccagcagtttatggcccgacaatgagcagttcttcgggccagggacacggctcaccgtgcta	DVKVTQSSRYLVKRTGEKVFLECVQDMDHENMFWYRQDPGLGLRLIYFSYDVKMKEKGDIPEGYSVSREKKERFSLILESASTNQTSMYLCASSLWPDNEQFFGPGTRLTVL	tgtgccagcagtttatggcccgacaatgagcagttcttc	CASSLWPDNEQFF	TRBV28		TRBJ2-1	gc	ccg	0	0	0	5	tgtgccagcagtttatg		acaatgagcagttc	8.219684316208302e-5	33802055		sim_rep	Cell_86	42	TRUE	TRB
gatgctggaatcacccagagcccaagacacaaggtcacagagacaggaacaccagtgactctgagatgtcaccagactgagaaccaccgctatatgtactggtatcgacaagacccggggcatgggctgaggctgatccattactcatatggtgttaaagatactgacaaaggagaagtctcagatggctatagtgtctctagatcaaagacagaggatttcctcctcactctggagtccgctaccagctcccagacatctgtgtacttctgtgccatcagtgagtcgaggcagcagtacttcgggccgggcaccaggctcacggtcaca	DAGITQSPRHKVTETGTPVTLRCHQTENHRYMYWYRQDPGHGLRLIHYSYGVKDTDKGEVSDGYSVSRSKTEDFLLTLESATSSQTSVYFCAISESRQQYFGPGTRLTVT	tgtgccatcagtgagtcgaggcagcagtacttc	CAISESRQQYF	TRBV10-3	TRBD1	TRBJ2-7	ga		0	9	0	8	tgtgccatcagtgagtc	ggc	agcagtacttc	8.031811994099119e-5	33029462		sim_rep	Cell_87	42	TRUE	TRB
gatgtgaaagtaacccagagctcgagatatctagtcaaaaggacgggagagaaagtttttctggaatgtgtccaggatatggaccatgaaaatatgttctggtatcgacaagacccaggtctggggctacggctgatctatttctcatatgatgttaaaatgaaagaaaaaggagatattcctgaggggtacagtgtctctagagagaagaaggagcgcttctccctgattctggagtccgccagcaccaaccagacatctatgtacctctgtgccagcagtttatcacagtattcacccctccactttgggaatgggaccaggctcactgtgaca	DVKVTQSSRYLVKRTGEKVFLECVQDMDHENMFWYRQDPGLGLRLIYFSYDVKMKEKGDIPEGYSVSREKKERFSLILESASTNQTSMYLCASSLSQYSPLHFGNGTRLTVT	tgtgccagcagtttatcacagtattcacccctccacttt	CASSLSQYSPLHF	TRBV28	TRBD1	TRBJ1-6	c	t	1	3	5	8	tgtgccagcagtttat	acag	attcacccctccacttt	7.850308081027705e-5	32283058		sim_rep	Cell_88	42	TRUE	TRB
gatggtggaatcactcagtccccaaagtacctgttcagaaaggaaggacagaatgtgaccctgagttgtgaacagaatttgaaccacgatgccatgtactggtaccgacaggacccagggcaagggctgagattgatctactactcacagatagtaaatgactttcagaaaggagatatagctgaagggtacagcgtctctcgggagaagaaggaatcctttcctctcactgtgacatcggcccaaaagaacccgacagctttctatctctgtgccagtagtatagagaccgcggctaactatggctacaccttcggttcggggaccaggttaaccgttgta	DGGITQSPKYLFRKEGQNVTLSCEQNLNHDAMYWYRQDPGQGLRLIYYSQIVNDFQKGDIAEGYSVSREKKESFPLTVTSAQKNPTAFYLCASSIETAANYGYTFGSGTRLTVV	tgtgccagtagtatagagaccgcggctaactatggctacaccttc	CASSIETAANYGYTF	TRBV19	TRBD2	TRBJ1-2	gacc	gg	0	7	7	0	tgtgccagtagtataga	gc	ctaactatggctacaccttc	7.674887823586782e-5	31561672		sim_rep	Cell_89	42	TRUE	TRB
gatgctggaatcacccagagcccaagacacaaggtcacagagacaggaacaccagtgactctgagatgtcaccagactgagaaccaccgctatatgtactggtatcgacaagacccggggcatgggctgaggctgatccattactcatatggtgttaaagatactgacaaaggagaagtctcagatggctatagtgtctctagatcaaagacagaggatttcctcctcactctggagtccgctaccagctcccagacatctgtgtacttctgtgccatcagtgagtcggggggggcagatacgcagtattttggcccaggcacccggctgacagtgctc	DAGITQSPRHKVTETGTPVTLRCHQTENHRYMYWYRQDPGHGLRLIHYSYGVKDTDKGEVSDGYSVSRSKTEDFLLTLESATSSQTSVYFCAISESGGADTQYFGPGTRLTVL	tgtgccatcagtgagtcggggggggcagatacgcagtatttt	CAISESGGADTQYF	TRBV10-3		TRBJ2-3	gggggg	gg	0	0	0	4	tgtgccatcagtgagtc		cagatacgcagtatttt	7.505282274493301e-5	30864198		sim_rep	Cell_90	42	TRUE	TRB
gatggtggaatcactcagtccccaaagtacctgttcagaaaggaaggacagaatgtgaccctgagttgtgaacagaatttgaaccacgatgccatgtactggtaccgacaggacccagggcaagggctgagattgatctactactcacagatagtaaatgactttcagaaaggagatatagctgaagggtacagcgtctctcgggagaagaaggaatcctttcctctcactgtgacatcggcccaaaagaacccgacagctttctatctctgtgccagtagtatagaaggaggggcgggggccttttcctacgagcagtacttcgggccgggcaccaggctcacggtcaca	DGGITQSPKYLFRKEGQNVTLSCEQNLNHDAMYWYRQDPGQGLRLIYYSQIVNDFQKGDIAEGYSVSREKKESFPLTVTSAQKNPTAFYLCASSIEGGAGAFSYEQYFGPGTRLTVT	tgtgccagtagtatagaaggaggggcgggggccttttcctacgagcagtacttc	CASSIEGGAGAFSYEQYF	TRBV19	TRBD2	TRBJ2-7	aggaggg	cctttt	0	7	2	2	tgtgccagtagtataga	gcggggg	cctacgagcagtacttc	7.341237319903872e-5	30189591		sim_rep	Cell_91	42	TRUE	TRB
gatgctggaatcacccagagcccaagacacaaggtcacagagacaggaacaccagtgactctgagatgtcaccagactgagaaccaccgctatatgtactggtatcgacaagacccggggcatgggctgaggctgatccattactcatatggtgttaaagatactgacaaaggagaagtctcagatggctatagtgtctctagatcaaagacagaggatttcctcctcactctggagtccgctaccagctcccagacatctgtgtacttctgtgccatcagtgagtccagcgggcccacccagtacttcgggccaggcacgcggctcctggtgctc	DAGITQSPRHKVTETGTPVTLRCHQTENHRYMYWYRQDPGHGLRLIHYSYGVKDTDKGEVSDGYSVSRSKTEDFLLTLESATSSQTSVYFCAISESSGPTQYFGPGTRLLVL	tgtgccatcagtgagtccagcgggcccacccagtacttc	CAISESSGPTQYF	TRBV10-3	TRBD2	TRBJ2-5	c	ccc	0	6	4	8	tgtgccatcagtgagtc	agcggg	acccagtacttc	7.182512463559064e-5	29536862		sim_rep	Cell_92	42	TRUE	TRB
aatgctggtgtcactcagaccccaaaattccaggtcctgaagacaggacagagcatgacactgcagtgtgcccaggatatgaaccataactccatgtactggtatcgacaagacccaggcatgggactgaggctgatttattactcagcttctgagggtaccactgacaaaggagaagtccccaatggctacaatgtctccagattaaacaaacgggagttctcgctcaggctggagtcggctgctccctcccagacatctgtgtacttctgtgccagcagtgaagccccgggacagggggcacgtactttgaacactgaagctttctttggacaaggcaccagactcacagttgta	NAGVTQTPKFQVLKTGQSMTLQCAQDMNHNSMYWYRQDPGMGLRLIYYSASEGTTDKGEVPNGYNVSRLNKREFSLRLESAAPSQTSVYFCASSEAPGQGARTLNTEAFFGQGTRLTVV	tgtgccagcagtgaagccccgggacagggggcacgtactttgaacactgaagctttcttt	CASSEAPGQGARTLNTEAFF	TRBV6-1	TRBD1	TRBJ1-1	ccc	acgtactt	0	0	0	0	tgtgccagcagtgaagc	gggacagggggc	tgaacactgaagctttc	7.028880340441106e-5	28905076		sim_rep	Cell_93	42	TRUE	TRB
gattctggagtcacacaaaccccaaagcacctgatcacagcaactggacagcgagtgacgctgagatgctcccctaggtctggagacctctctgtgtactggtaccaacagagcctggaccagggcctccagttcctcattcagtattataatggagaagagagagcaaaaggaaacattcttgaacgattctccgcacaacagttccctgacttgcactctgaactaaacctgagctctctggagctgggggactcagctttgtatttctgtgccagcagcgtagtgggggggacagggggcccgtgcaatgagcagttcttcgggccagggacacggctcaccgtgcta	DSGVTQTPKHLITATGQRVTLRCSPRSGDLSVYWYQQSLDQGLQFLIQYYNGEERAKGNILERFSAQQFPDLHSELNLSSLELGDSALYFCASSVVGGTGGPCNEQFFGPGTRLTVL	tgtgccagcagcgtagtgggggggacagggggcccgtgcaatgagcagttcttc	CASSVVGGTGGPCNEQFF	TRBV9	TRBD1	TRBJ2-1	tgggg	ccgtg	0	0	0	6	tgtgccagcagcgtag	gggacagggggc	caatgagcagttcttc	6.880125014575907e-5	28293345		sim_rep	Cell_94	42	TRUE	TRB
gatgtgaaagtaacccagagctcgagatatctagtcaaaaggacgggagagaaagtttttctggaatgtgtccaggatatggaccatgaaaatatgttctggtatcgacaagacccaggtctggggctacggctgatctatttctcatatgatgttaaaatgaaagaaaaaggagatattcctgaggggtacagtgtctctagagagaagaaggagcgcttctccctgattctggagtccgccagcaccaaccagacatctatgtacctctgtgccagcagtttatggacgaactatggctacaccttcggttcggggaccaggttaaccgttgta	DVKVTQSSRYLVKRTGEKVFLECVQDMDHENMFWYRQDPGLGLRLIYFSYDVKMKEKGDIPEGYSVSREKKERFSLILESASTNQTSMYLCASSLWTNYGYTFGSGTRLTVV	tgtgccagcagtttatgg	CASSLW	TRBV28	TRBD1	TRBJ1-2		g	1	1	7	2	tgtgccagcagtttat	ggac	aactatggctacaccttc	6.73604270854647e-5	27700831		sim_rep	Cell_95	42	TRUE	TRB
ggtgctggagtctcccagtctcccaggtacaaagtcacaaagaggggacaggatgtagctctcaggtgtgatccaatttcgggtcatgtatccctttattggtaccgacaggccctggggcagggcccagagtttctgacttacttcaattatgaagcccaacaagacaaatcagggctgcccaatgatcggttctctgcagagaggcctgagggatccatctccactctgacgatccagcgcacagagcagcgggactcggccatgtatcgctgtgccagcagcttagcgccaggggcgaacaccggggagctgttttttggagaaggctctaggctgaccgtactg	GAGVSQSPRYKVTKRGQDVALRCDPISGHVSLYWYRQALGQGPEFLTYFNYEAQQDKSGLPNDRFSAERPEGSISTLTIQRTEQRDSAMYRCASSLAPGANTGELFFGEGSRLTVL	tgtgccagcagcttagcgccaggggcgaacaccggggagctgtttttt	CASSLAPGANTGELFF	TRBV7-6	TRBD1	TRBJ2-2	gc		0	4	2	0	tgtgccagcagcttagc	cagggg	cgaacaccggggagctgtttttt	6.596439371781483e-5	27126736		sim_rep	Cell_96	42	TRUE	TRB
tctcagactattcatcaatggccagcgaccctggtgcagcctgtgggcagcccgctctctctggagtgcactgtggagggaacatcaaaccccaacctatactggtaccgacaggctgcaggcaggggcctccagctgctcttctactccgttggtattggccagatcagctctgaggtgccccagaatctctcagcctccagaccccaggaccggcagttcatcctgagttctaagaagctccttctcagtgactctggcttctatctctgtgcctggatcgagcgtgcctacgagcagtacttcgggccgggcaccaggctcacggtcaca	SQTIHQWPATLVQPVGSPLSLECTVEGTSNPNLYWYRQAAGRGLQLLFYSVGIGQISSEVPQNLSASRPQDRQFILSSKKLLLSDSGFYLCAWIERAYEQYFGPGTRLTVT	tgtgcctggatcgagcgtgcctacgagcagtacttc	CAWIERAYEQYF	TRBV30	TRBD1	TRBJ2-7	tcga	gtg	4	10	0	2	tgtgcctgga	gc	cctacgagcagtacttc	6.461131410068738e-5	26570305		sim_rep	Cell_97	42	TRUE	TRB
tctcagactattcatcaatggccagcgaccctggtgcagcctgtgggcagcccgctctctctggagtgcactgtggagggaacatcaaaccccaacctatactggtaccgacaggctgcaggcaggggcctccagctgctcttctactccgttggtattggccagatcagctctgaggtgccccagaatctctcagcctccagaccccaggaccggcagttcatcctgagttctaagaagctccttctcagtgactctggcttctatctctgtgcctggagtgtgagcgggcgtcgtcagccccagcattttggtgatgggactcgactctccatccta	SQTIHQWPATLVQPVGSPLSLECTVEGTSNPNLYWYRQAAGRGLQLLFYSVGIGQISSEVPQNLSASRPQDRQFILSSKKLLLSDSGFYLCAWSVSGRRQPQHFGDGTRLSIL	tgtgcctggagtgtgagcgggcgtcgtcagccccagcatttt	CAWSVSGRRQPQHF	TRBV30	TRBD2	TRBJ1-5	gagcgg	gtcg	0	7	7	6	tgtgcctggagtgt	gc	tcagccccagcatttt	6.32994422652828e-5	26030820		sim_rep	Cell_98	42	TRUE	TRB
agtgctgtcatctctcaaaagccaagcagggatatctgtcaacgtggaacctccctgacgatccagtgtcaagtcgatagccaagtcaccatgatgttctggtaccgtcagcaacctggacagagcctgacactgatcgcaactgcaaatcagggctctgaggccacatatgagagtggatttgtcattgacaagtttcccatcagccgcccaaacctaacattctcaactctgactgtgagcaacatgagccctgaagacagcagcatatatctctgcagcgttgaagatgggggacagggggccagcacagatacgcagtattttggcccaggcacccggctgacagtgctc	SAVISQKPSRDICQRGTSLTIQCQVDSQVTMMFWYRQQPGQSLTLIATANQGSEATYESGFVIDKFPISRPNLTFSTLTVSNMSPEDSSIYLCSVEDGGQGASTDTQYFGPGTRLTVL	tgcagcgttgaagatgggggacagggggccagcacagatacgcagtatttt	CSVEDGGQGASTDTQYF	TRBV29-1	TRBD1	TRBJ2-3	tgg	c	0	0	0	0	tgcagcgttgaaga	gggacagggggc	agcacagatacgcagtatttt	6.202712464783552e-5	25507601		sim_rep	Cell_99	42	TRUE	TRB
gatactggagtctcccagaaccccagacacaagatcacaaagaggggacagaatgtaactttcaggtgtgatccaatttctgaacacaaccgcctttattggtaccgacagaccctggggcagggcccagagtttctgacttacttccagaatgaagctcaactagaaaaatcaaggctgctcagtgatcggttctctgcagagaggcctaagggatctttctccaccttggagatccagcgcacagagcagggggactcggccatgtatctctgtgccagcagcttagctctacagggggcgagagagacccagtacttcgggccaggcacgcggctcctggtgctc	DTGVSQNPRHKITKRGQNVTFRCDPISEHNRLYWYRQTLGQGPEFLTYFQNEAQLEKSRLLSDRFSAERPKGSFSTLEIQRTEQGDSAMYLCASSLALQGARETQYFGPGTRLLVL	tgtgccagcagcttagctctacagggggcgagagagacccagtacttc	CASSLALQGARETQYF	TRBV7-9	TRBD1	TRBJ2-5	tct	gaga	0	3	0	5	tgtgccagcagcttagc	acagggggc	gagacccagtacttc	6.0792785499345395e-5	25000000		sim_rep	Cell_100	42	TRUE	TRB
